MedInc,HouseAge,AveRooms,AveBedrms,Population,AveOccup,Latitude,Longitude,HouseValue
6.037732284167628,21.762430945407008,7.643596600757435,0.8787291018610921,285.2888560891384,4.656680894296733,34.43466209067113,-117.32998467319135,438409.3358612718
4.124898524229592,4.36650205115232,6.668653868135888,0.998419317441106,1221.6376418645143,2.570517430256038,38.617980559489496,-123.20202953440543,210062.65696047834
6.610194792939146,18.789847232443446,10.237641379420058,0.7984551545236155,312.4677040719564,5.619109397482369,41.94779849009531,-115.48448882950633,411796.7820560353
11.1765508997417,6.660903038357056,2.29316713140658,1.2530614205909967,600.6505665567352,5.302761842354388,32.61408704930051,-123.44452766512354,567026.6815611417
3.894276749466996,42.21999571047033,8.044389803552278,1.5499730181212965,2826.9230746828366,3.1631202549124353,37.638738226229336,-122.51258490128502,269581.8643789034
3.8943151108696408,49.33208932418801,7.807525827841529,0.5,343.4926672214475,2.39714226469815,37.949832676715594,-118.23210291502764,229612.81877120768
11.55973211235997,4.688140238154869,3.3559044401432274,1.263775412256901,137.9664780443652,1.8470431325552747,41.184983501967714,-116.60588544543309,564383.7475015392
7.102599455196514,49.71087557187677,7.514980006593635,0.9893312913123419,232.1660406482352,2.9482690791573467,37.307050680285904,-123.23748435653746,353747.06803615444
3.381486373955921,27.651406566174003,6.105904422355081,1.1453577567866757,1797.7637792762557,3.9943443969322883,37.66516348662672,-114.7923518587768,292565.5201702097
6.206120770713275,16.27784957564757,4.922299854097844,1.2835976006697165,858.1090054353123,2.5546406538527107,36.98070161261969,-114.26392351199301,385287.74282113265
3.393797104261524,4.919965839084339,3.669735477358801,1.0247190244908717,584.7138728325635,1.0012502783160526,35.05459089333407,-117.94049826992288,267162.48700640403
3.3890923692431723,26.53183767159131,3.8898701519567096,1.058565258637688,399.7767213720612,5.665283556255441,33.03227676586468,-119.18756544623163,274682.8454966967
5.181928907591724,41.52029276902818,9.704605401150445,1.0144499329781445,1080.6952981482946,3.3039265042087655,36.38224798099344,-116.5860502772025,383234.09465493297
1.4219538167840924,37.061410340601604,5.401433919810714,1.4881264807153127,284.5460629822375,2.484789012858146,32.999618976786444,-120.71642647672795,202096.05959382886
1.5920926779049291,3.561526584662662,7.042473003216065,1.2675039840509987,902.948544214838,4.611619949063755,37.72967845992622,-119.06735565894894,169407.08790656156
3.1983257905971487,4.7179936037630785,3.7391112984981385,1.1882334150949445,320.13584815318956,6.438652623294476,35.41928961080178,-114.83848973185599,251875.73565022758
2.4407401361576513,21.546537414264492,3.7623088129345588,0.591619311563087,271.0601127981394,1.0,37.56922281449157,-114.44344574758466,205289.30580809992
5.41161949159062,16.059815196445108,7.672168099424879,0.9485681027147383,351.6064692758857,3.7326999722892436,33.77582116175427,-114.72930883948816,419298.05920115847
2.5991528231664476,12.85160047585844,2.5658899557417825,1.4594676641356699,456.9584892035724,1.4720785690489098,41.359984674523915,-121.3755193303616,122810.76428840021
1.920561861059882,15.331229444344393,4.52805108739893,1.1150786292495694,633.4430916435219,3.855710335247347,40.997951813724384,-121.67530959783237,89623.89873616726
10.79830590688781,41.977619908141115,5.471457563251688,1.3638125878356555,841.727051741434,3.2026019897153106,34.3049668374217,-121.02335494070685,575828.4714469997
3.913899610061105,48.39063073522455,5.6338824638641105,1.8066047201310536,16.63709279968046,4.1282899404311735,35.7627206912931,-119.5868888761154,209250.9818531533
4.667002127429453,21.660237420905887,5.023904101466072,1.5154424276835268,296.58962290368817,2.3405271756908266,38.32818133259381,-120.85832587208037,281570.5038744002
1.9062750233142018,47.21166110875735,6.231221540301439,1.137263335079897,449.63224829586557,1.177483982790731,33.40901896940611,-120.25787204260942,206956.0305617339
3.2328702511326273,17.39628076364198,6.854997087217405,0.8956043319217093,2996.0859683711546,2.3984337121604473,35.868394300603434,-117.79363047879241,297712.0334490573
4.790110853393531,25.298286303533374,6.942738845464594,0.5,225.87853332373444,3.681881201299203,34.88556672478056,-116.37474322906024,353782.1811031252
2.2465683036659994,12.527478888615986,3.3298120017975643,1.0326460310108592,782.7368952257581,4.991298839332288,41.19740892280862,-116.64441801732083,82820.25514912198
5.614872107573956,33.664278150968045,4.803274294349526,0.9695950016732604,2966.180299834481,1.6721067356959582,40.59885104474745,-115.85576432920848,300461.2670632149
3.1255703734844134,50.928036873915254,7.909002009941569,1.2561464777581504,178.93658512968545,5.0205034295004785,38.008411042035206,-123.67815596784598,167873.0762201293
3.7621242204512466,31.77814789821231,7.2787590939051325,1.038437909210125,986.314457197119,2.172902551615123,37.443290200279954,-123.52266210321244,245904.20100154466
3.1235682951710406,19.248518289790994,2.516995151889766,0.9718459762252823,298.1891945415056,3.601048095747207,41.34189504818127,-116.1061703931137,109208.82100719109
13.617652250352142,34.03868974551695,6.138107790739624,0.5,401.5637328739104,2.328101255530899,41.35806393829874,-118.66921177675368,649480.488987266
4.445541417041245,7.268954601734766,1.2457269763128984,0.7240128683399735,297.93911872315874,3.2906506588006232,41.70863619084078,-118.2185932623788,221666.62638476933
2.3758931801167904,46.32161309353533,5.498563294326776,1.290660416320223,319.9429477393895,4.692374842401641,33.691099399027785,-123.47413139785623,157734.88785626838
7.341380817889543,26.657281489771655,9.385310735166552,1.786363052453078,10116.389879332859,1.6266016503576464,34.02529920225012,-121.4468619882873,465596.53095160867
2.1543602463053775,23.916836844021745,3.4094252937351293,1.0609898465017507,1547.5926477495025,2.138376832238034,38.928998637458925,-117.61645695114522,134957.3299817338
5.080035028816079,30.87910421112948,3.647921604467678,1.2311244294296495,2001.671502579544,3.2952475485346215,37.64362752779353,-115.40818109889324,291583.4872600165
1.3829209956011614,32.863977002259524,7.004462541303005,1.4809912627811221,1087.888006414063,9.982083444555942,32.675426096485744,-114.83016602818597,204889.8694104225
2.0199815357650017,4.660566117552165,2.160116818059744,0.7756424255199001,133.45218002331114,1.9511230774016795,33.08876284190043,-118.99580504164918,185644.09715291293
5.043582996562879,35.813478282393525,4.0712144372414185,1.246725617314177,987.2842287054059,8.331695217679545,40.936763631458646,-118.54525767261802,253534.44994866758
6.980216601296981,13.338515696092008,6.652526388921681,0.8038039574671367,1944.8295446641794,8.184250624010152,40.75427255762417,-115.66950368931009,355652.09193862905
4.967024500228839,37.41158425783608,4.067999719852254,1.4459297753964047,283.3266652027806,2.8614955983931067,35.89407375896243,-118.62375399252646,277963.60408581985
4.181253285095075,42.949274513594034,4.90446302685696,1.160561219180693,1746.4259550593758,2.5880992782606502,40.96498086084008,-118.83141474462683,264959.9386706456
3.7409432392866506,42.001883885178536,6.962789991661573,1.219380725592576,1345.2514279628483,2.1254156870214675,38.139913206780065,-114.94915962239047,304217.5415917747
1.8457520429185859,29.177549337802347,6.285246775426779,0.7869605610325645,4238.819309952441,2.9034472409915804,40.15610364667957,-116.1006727894412,99517.67284741427
2.90982655106851,27.52866450784831,5.9603186322203445,1.3828129438443142,437.9991577749614,1.4868210001267108,36.560595176022034,-114.90927473638706,235455.55990260452
3.399460482537118,8.286674028309998,4.687843213532919,1.9338851684924065,221.93599238833633,2.8918038915783066,33.577284109776635,-121.81752945218847,263465.96295039775
8.450903305639434,40.542653670559915,6.177128342064806,0.6968353218287175,463.29865560025854,6.349906808216099,36.62040709513715,-118.75624513344643,466604.4340380922
5.507831418533584,14.841878402782433,5.140161371790511,0.9640963969409906,2794.9541835460377,2.2132399192283185,36.84434808097053,-115.57527871406643,319463.8531929745
1.556089443047319,26.331466563715274,6.361391780844149,1.1926429896672368,106.86796699084844,2.663491478493123,37.73396984148573,-122.88852172532891,154600.10435075514
5.443653211084538,15.497978739303353,4.356442747252246,1.4145624847983267,84.06785619372182,1.2832934264384792,33.503035772592064,-116.05337845706038,418510.3424757161
3.5571178766074367,7.82524651298435,5.016605153802964,0.8761814858842125,727.3408985170217,3.6220169676765193,41.91831769897131,-122.1702661658513,175499.57876498066
2.985737544223495,33.10744254147856,3.321088635640771,0.5,427.2676822054675,3.428904568811504,34.81929979766561,-115.91881245014679,285606.2211462117
6.468898025057603,3.7709337759680954,5.326484018986905,1.64367579766561,670.3016890319592,3.1013924246380804,34.38624783360238,-117.87999062443131,436416.4398960375
8.319479672359414,39.1809069404362,3.696898186379426,1.4042024478336572,1711.8189048612974,2.6955074368390752,37.5046277291314,-122.06764008515133,419135.56791324174
7.836310087527117,17.19692655831695,3.0605024546598143,0.5,382.76860950605607,2.5950895913159306,37.60347770425144,-119.26645820667198,458091.2215731667
2.708701817719822,1.0068693432287512,5.943188410496315,0.8569724832881778,102.20638681039503,3.8610922773356524,36.67829700941582,-117.18094833539229,268799.8142034443
3.722786974540688,27.06758610109872,5.846753529301087,1.7272729718109305,5138.320516022448,2.9611914350934203,39.83297539008992,-117.66147099116458,203349.37835516842
5.467153290975401,3.3894473349077594,7.044034843392002,1.6791185673831466,245.37108874498617,3.5165694832512076,37.40821680692173,-119.72752803768296,358406.7740994546
8.04722310704832,15.084647448865873,4.4946363038922925,1.475456009071578,230.66417802626935,3.3450826731886263,38.29210682387735,-115.00633471079072,437020.5629827024
3.3618635805619355,37.055800860241526,6.256910978357188,1.0295550264160551,2005.6430544336658,5.268331155132988,39.37559066137396,-118.80736585512156,215164.8768076732
4.009251694289075,4.197170702715159,6.556674901774693,1.1331949675250041,452.8273282417235,4.214357081277628,32.73773846485673,-118.94132701471311,344042.99637662416
2.307579213684615,43.80626311015612,6.33402499644635,1.0476296779495495,624.2869684338152,3.308288286281443,37.92111973417793,-123.37749410058545,95107.85918495776
2.186443006735786,1.1948160555877385,3.6661272661155015,1.551295913307535,1077.9217104965192,6.418670540419364,40.89984747666951,-114.77879610202363,151181.6269074282
7.297380830538633,13.588017329297015,5.713663312769497,0.749663037401956,1965.6595230098198,3.7066713532824194,32.66519305779162,-122.22883431321627,450322.14066008106
10.112214171778621,38.78610686375564,6.164694621714789,0.7776801380463182,476.5341108653491,5.768899557510316,36.34922998610913,-118.71655306563446,524655.5525111376
4.292176414625626,17.129777636194646,5.415074780506679,1.5041098347344064,3041.0313779203975,4.069301260273845,41.29916077695538,-115.9643239859969,257832.52136357073
8.18349841871401,6.19651179136669,1.0183969174207226,1.0822554177953754,78.58651747032535,1.1960691367851302,35.85496682168411,-121.84546723044356,444871.7344817317
5.567697621247168,19.371929858821822,5.737028210344309,1.6513869421815235,1421.9539657559715,5.7685305747142355,36.85792382990229,-118.7262671002916,332428.0472972405
3.0432564636548793,14.790057605610802,10.046315182734208,0.8313951172077818,287.28433568101104,3.214230944983215,41.82464323392097,-121.59315090776659,188376.3989206516
5.566894529194297,43.9783070101883,4.643917535610337,1.07808865586447,2623.517665347467,2.9271305671323486,34.39357666003045,-116.40305002200088,410446.4511524417
11.277639273239044,16.980743796842297,3.8710380945038256,0.7310348060624188,766.6608136347596,3.4579439341151135,33.11992429668756,-118.35658832126849,645501.9677173792
4.3863803990922365,41.23555606057637,6.184031975393936,1.102945072569427,339.3712591926185,2.528202103317009,40.66451461318239,-115.44024139604856,269185.61158571986
11.459123139580884,46.485479385347475,6.055994241979801,0.5085812252004805,1290.5723653490381,3.3652909743637083,40.7504207415175,-115.05441997122617,548587.092543953
0.930673219806095,23.124688398403006,7.904743847374471,0.9049466316180149,1624.878539760032,2.23459938704339,36.98473942946013,-117.51266517554602,179064.68909371414
7.3385516673022195,47.40710033657399,2.758476872591336,0.525498454028753,1263.8199536881898,5.681050309978228,37.38496815753422,-116.74608753841055,394872.1191951721
4.721980178405786,20.243220752122834,6.935898530407485,1.3775692932765033,237.53233471283158,2.8383018783679876,40.44016051136944,-118.50779900113136,310507.6451259129
3.745651584630948,50.16799924099551,6.639886328628074,1.3866357359038608,409.92855006506716,2.4811150563859328,39.516315232100055,-120.15571266932616,211110.93930705104
4.735353903731326,5.553765750804219,5.101492272424854,0.5,662.4381287138281,1.8918157688684203,35.0189155210616,-117.51882076979166,286584.98625020875
1.3599645744898379,36.03798259166538,6.1112433676355495,1.6335542982002291,638.2565684102906,3.4362745145595435,32.66048687317942,-114.91711376512671,175494.15928960114
3.9282611295705476,26.184516063303363,7.561860711356551,2.0989660505679417,1407.7464965420297,3.2987827937860636,37.05715154406869,-119.83319619568562,288997.06492699997
5.552606976165149,20.770089078238,7.231862298059746,1.1184025546945364,88.68570964565092,3.64812124193279,40.659667097908596,-120.85589973626205,270523.7930510482
10.877935013326683,33.268305816178646,2.9996594446451703,0.8435542959101421,929.2028374626481,1.797459099493116,41.01042942855654,-120.11563061447426,507530.65542513574
3.283920125702826,36.89671167335089,7.1223321921865175,2.229732236401219,497.7105312935375,1.3490618171405584,41.584148872223466,-119.646023697884,185508.52519133923
2.7590980649595935,1.2225267521657635,5.2641539294317115,0.5724126006789958,287.5795114642424,4.107422288165949,40.85585075732142,-123.26438971022284,127948.59731759726
3.3166186129819573,9.514607526107135,5.553035605832583,1.1080425867476393,316.56013458653564,6.311169063453907,38.01041377533193,-119.01558159565006,214840.85484060305
7.762009606835646,37.36534858235025,5.553713681103559,1.1718489090527695,536.7123744584634,1.7982665782146001,36.72375319274296,-119.0568575194994,406541.08411034604
5.458918350326821,34.98565609248853,5.084489723523655,1.638059048180966,18.154435218974818,6.650690220119383,39.86107354207394,-118.11556172359477,281151.6378856583
3.2613586675441253,50.26842276156254,7.902585743924837,1.2438955900507154,329.87388976960756,3.4623776299844375,39.52830552647317,-120.37179969528668,175611.6148563463
6.097997629719756,39.81292730278993,5.224192284316655,0.9005464416846195,277.046448252945,2.993575665684,37.612362585773816,-117.8689240404441,337848.8020068655
4.7504841045883115,49.48940809429824,3.048953130395346,0.7195262518448176,1133.180102730934,2.4626195761482936,33.32961003930546,-115.21783689725797,330623.3599830387
8.01397581463222,36.82956557827516,4.57358730246357,0.9632712719015458,297.22021166799004,1.5034177109475166,41.297772794475726,-114.44529009504836,412356.1817651211
2.9410543622456067,16.2006626406116,5.775258905302,0.6972290556219425,536.4032443833655,4.922734938963722,36.82822410626579,-118.1638778385895,252096.4731175784
3.681803494070411,6.37361103479368,7.981351047023806,1.1191301279138732,3109.6847319185654,2.038464481493648,35.951670928204514,-123.57409046029687,252323.26695051123
3.5421543239099718,40.87301703059172,6.666498838392551,0.8743215280558054,1797.858511568681,2.034187878079327,38.48089025410333,-114.30764002732892,296669.129963387
1.8624466584829025,33.85161029527171,3.6138759146312083,0.5023848826840999,1639.7046283674385,4.9330781032873166,38.90146063108628,-116.94137939103744,180783.15332974197
5.353080374975022,3.4574866320581075,10.618898825025672,1.6020583153499617,403.4802620210113,1.171761622462463,34.50153521178786,-120.64036351446347,423102.78816518723
5.241633378989199,19.362573760949896,5.956028153053758,0.9009309906283843,1144.8538653062756,1.402422494733947,40.45091902569458,-122.52842299036277,276028.8167350854
4.495460338818549,49.796790589698595,8.078320549797931,0.5927452780098751,526.4214878419401,2.977050002744004,35.25440238979259,-122.56581387763725,295318.3609280334
3.8932633756010437,26.520458431220263,5.081399689487819,1.0326963462049834,546.7035991687144,3.4786427888190223,34.27349729618601,-122.32255593860397,284250.2380443206
1.9170308461320373,23.069185937004935,6.520054413881444,1.1273486263870636,1001.9319285382855,3.8280951284892764,36.360798602117725,-123.5442747838618,149404.98569460306
3.482020770173796,24.342679863123994,7.16288385948865,0.5,366.13657208748725,2.583385513589196,39.44032076852592,-114.97845811347088,286498.0903100383
3.648701278193463,11.65301892426335,7.958208894683938,1.2326590668503052,2960.1733341652134,10.646006383027103,41.67185269517813,-118.59231767172663,215715.10050770425
2.7694081648361886,19.804065714104556,7.620473441294273,0.6811369725238943,566.7225535370325,2.680635037158238,40.188172011528614,-117.00040587286163,194586.69203480758
4.068313633793296,19.86047605534601,7.231613700153254,1.7844115236763152,1234.425015629578,2.676759507544858,41.43330958786682,-115.71891490731693,282890.9986617636
5.711207738010801,3.6701060295610923,4.738317864492372,1.309584204830694,2851.5000817260006,2.0167890461869082,33.835755138727,-116.084589936668,411064.08999434276
13.897535756657343,40.14594905441383,4.199333311892271,0.9400400039562735,1866.1892092433752,3.1961706081729195,33.17617958920493,-115.17394376271159,762632.6237924716
4.976598809364153,22.24172602709783,6.098475771680815,0.8019328918730599,162.56548371586126,4.085649107867422,37.79819523811338,-114.32745377475048,322872.99439034815
5.23062217875153,42.93117422763759,7.359568951916246,1.0580129169745505,1037.838947368332,5.4837491981027595,35.25782608891833,-119.6092938525806,337350.0164995941
4.285908081239159,44.36774805711467,4.932286528369126,1.345116296633316,1557.316449783481,1.4266911297218596,40.366522243208095,-114.4966453333161,291382.6573423559
1.4172767814569778,11.811696789631561,7.636861128000213,1.0898023485659203,1622.7264739421341,2.656481043053291,38.8838847783221,-116.76710051657184,192921.83136094126
4.410957008872924,34.52502759067656,8.450495165520977,1.0131364771452573,218.48233528400849,3.7559896486981987,41.72191755786505,-123.29331809691922,217158.80243605087
4.646610950216322,25.08637201231207,3.475726069945819,1.1233481163271584,344.8000773018028,4.029042550848476,34.92052737944739,-117.18216878787655,329758.61802596954
19.647404979673468,45.88799363399574,3.6424665220278127,0.8584564275052182,1798.2301959712918,3.0140187733541364,37.11494908637471,-117.13283340395151,800000.0
3.993162091339485,12.00277463799916,5.105212376298794,0.962717629262785,310.5173040087102,3.9401231720627212,37.261784535540855,-114.94139436207473,287540.67822726554
5.370539695360742,35.568473215812254,6.045986603197313,0.5,492.89883164322873,2.0047473714378734,34.77217955114507,-120.27067867529908,309349.5162725524
4.389313945296875,31.99535823488885,4.298409271089193,1.489490492340947,3215.9426888278763,6.546645075147279,38.10588729513607,-118.15088499728182,288824.9554096564
2.2228567154758845,16.060375356163473,8.239625625621004,1.2195191121287048,634.0962454474547,4.934809407092577,36.711216867752775,-123.87812448988258,151657.99540900785
8.896818035491284,7.966646086209803,6.290540409188748,0.790617662386628,321.57341277447523,1.5334745470175941,36.7438547819038,-120.67924757818665,471027.0064778042
7.0368443195508865,34.2336277843411,5.482838801305554,1.8594939925420957,276.54751291307514,1.7549642317512542,35.94599815573859,-123.3775627384122,321880.5857666128
7.203875666603845,38.66847036474886,2.384589999876092,1.1348065921569548,927.7101351091773,1.7798678588488426,32.660828848042584,-118.78127027235104,449535.6694768704
2.597027513913037,17.09699453193085,2.636786785502235,0.6855425712099213,175.36192682473006,4.216413922783939,37.4599047506905,-115.82552349493047,147996.16967149096
10.398656203133363,33.886462805138,5.990119425591794,1.4426949685881834,519.394669360195,1.5803338414728387,35.68485443915314,-121.93557307870931,523965.6494884839
1.932644673998474,21.151676288186668,1.0,1.259219286603705,928.1845067847158,2.545909192828287,32.51253875535113,-118.72558954442222,210447.3670232136
6.373280035440963,37.37355104741351,7.526538560252551,1.2578319941936877,2438.527909761668,3.7710451765948085,35.425465222788354,-121.95991363489233,393882.7448430248
16.681050515383472,11.159979019596708,5.067876926818128,0.9296977581393638,1296.6613923892726,2.9064053210475933,35.14696916435269,-122.7931153215376,800000.0
2.4736089680793296,46.400965134444895,12.21049523614894,1.280198289511214,325.6863761678422,3.4193270334136923,36.23775745562454,-118.89003208065658,241539.95586277856
3.190639485047442,15.657889419744567,10.246624126293833,0.9952966839115622,2161.2008981815275,1.7631441151141023,33.75259390161227,-123.20851379050272,251556.31984671732
4.757825894509039,19.757085375563797,5.018956954580215,1.322376580658337,492.9880638305448,4.044780104358374,37.322996334033306,-118.1264536886201,278901.44873699546
3.3132003902562466,3.962689556097839,5.176692294684239,0.5,193.31035956021893,2.210887577679733,39.07818334892224,-123.68662539323273,187448.80287957538
1.7675633175296237,6.687122828385096,7.490721179404263,0.9264506148083245,560.0122400567512,2.55407510196119,38.48676290601844,-122.93285028131625,124106.97451734605
4.66990059171517,27.308957038328735,8.97666248082788,1.788862039123278,2802.225497918263,3.383348379501143,40.13567200190731,-118.50002514512641,277199.5864269688
2.3693550131643257,14.647226513126546,1.9601389793843649,0.7931730178398799,784.6517980904607,3.1630574609776985,36.79407873587727,-118.08592587101086,131331.7495408321
5.954548959024386,43.60949151285191,1.648611522755158,0.8584646810027254,673.5228108071353,3.040402808716883,37.431371438227416,-123.71013069906242,301348.8232485179
2.5814350351037865,1.749362821402646,4.0937269083358,0.9208154646200101,3419.37014409691,2.0640840919467194,40.198818438160345,-118.26623211998441,184633.77773714787
11.35843503739615,20.333796482268745,6.623748924665115,0.6140775456445428,158.95881649983747,2.5862922708502545,36.563161122782766,-115.61497474676364,662303.2227340762
2.8012003579906715,18.204622885223728,6.4434345400659545,0.5,183.9016099296125,3.0074477498084864,39.16519382404617,-116.77683822706047,249992.56577153862
3.6941965574265416,1.985709176797653,7.646520055466086,1.007765440590555,132.17853267675642,1.5105251675139713,36.62872250282092,-122.68814896079202,232080.32745042362
7.301722873828272,7.342788349026021,2.880635190432853,1.1543437696326628,965.5020126944877,2.383889784602033,36.46849384785985,-118.07525352436384,403823.75845734635
2.1414462320350673,22.0957764208504,1.0,1.0789979725845391,785.6356435393856,3.646763053682551,39.721953433027025,-117.27747499925786,66648.63085225163
5.13703446567335,26.13609380681978,7.201829810134505,1.0420485752208453,3111.1147058734464,1.5861055912501931,34.16095069692901,-123.62768798247708,422214.60083931865
9.818669776698842,21.618777109998323,3.6607878267730074,1.1172163483401552,848.5042361149962,5.356393133945087,35.71656673344495,-115.44652331316377,543589.3278426266
1.7083193641897367,28.077821599016787,1.1611754847838602,1.5091365886203056,444.0081155454501,5.667831716582615,34.629636629095565,-114.9373260271017,207228.95854903976
5.006716520555402,31.35171542018976,5.704633866514702,1.0238215256283134,666.3365497626254,1.6119178996028485,35.911544458192175,-115.4954772663774,314380.5169888181
5.237947256033545,1.5061148775196171,7.0656689452592225,0.8703669691650923,748.227756151225,5.922802999736929,34.68856081247723,-115.75368532010887,417310.9521043052
7.164180813531541,24.6688531321287,5.143680022545318,0.9875498060447656,124.99062402284483,2.7960541905626832,38.004353495323215,-116.55034801539107,466087.68788401235
2.133640281868106,50.138461285267006,4.438518389016773,1.3317387039027104,9999.91272396796,3.7034220832806057,40.08262262486953,-117.6656796871804,127217.13143700664
2.0293712827453887,27.470646286606986,5.065339312493597,1.6648107514173,1118.6423238308255,2.343567811454812,39.97282408157007,-117.21372995011748,119368.22216835465
6.129817263880722,35.554655640406615,4.621776198958356,0.8487425043323287,820.577456798356,4.766071657047613,35.962759163213526,-115.93604706665018,373535.0651548233
5.355857404348672,16.905056753761045,2.569101064925649,1.1395735148115536,1230.4853749145254,3.680494099823556,41.89322385599549,-117.37501541638696,189550.72568698597
5.208519811948514,40.47356028579089,3.8991705783200934,1.235342976774384,1352.0956222073082,1.9995524323691747,38.14161646470511,-120.7227304331793,270723.47665169
5.517191395817214,40.41899557568187,6.494687800529011,0.7029687973084708,577.9263939740771,1.6776583805090044,36.2943028668938,-120.24038897838646,358162.91023621126
2.9801843679791107,27.586098430361087,6.07552493689065,1.1081668668851674,353.8095817532389,1.4475157082544508,40.43762315279354,-115.02942531627708,214017.29001929672
5.151831169122271,50.776704987239896,5.752925592530323,0.513730457063162,1211.3015072202534,3.3001597890234553,39.43380312010509,-123.82877914202838,226206.9182718973
5.343300236967327,7.403060952895323,3.3101881881079036,0.5,978.1967645366549,3.999765385960647,39.61811569982899,-117.01179418755719,311544.491119019
2.919432211289548,1.8643309093686307,5.018843359515099,1.246698563156903,295.9261414058288,4.159865905046122,34.36332382247178,-114.45222447574784,304256.49694717035
13.728372911650295,40.278068799611894,1.0,0.946450103467687,2749.1185482384185,2.83207441705894,36.94908092000127,-116.93771830042026,624453.6390547478
5.955408227692354,42.16493240560901,5.774800994159319,1.1809121630484878,891.8982319445203,1.6845555697135592,40.68736724283373,-114.06088011768217,345984.8863003868
2.192884721938134,7.130568685149388,8.400601186408492,1.09284200919666,1379.9732063407173,2.136059125063666,37.288361072473194,-117.12455094471669,300533.9735601838
6.645448373311647,14.54472448088891,2.3043225227115784,0.7094399805344811,2675.578473374664,5.345068282832293,38.99280106249998,-123.65636970783139,252957.13210968382
2.4972521761882187,1.8951705316980743,4.169551886032714,1.0818982792142655,679.8613097816724,2.357697996290309,38.08537046382551,-115.72990118353076,208285.86374286734
7.186834152970694,15.9587391498088,6.0911242352912724,0.6067594779940579,913.1973447182235,3.227503135847229,40.50238948332463,-121.1537008806068,413468.75460036646
8.98141414784774,40.43023556985224,8.030969532297716,1.6563889432005605,1495.2179161391323,1.7544839326633337,35.20332797773523,-119.53942774335559,553302.7203452567
2.7389937515484286,27.415986913341527,4.458728305769687,0.5576118620560145,322.1891889076509,3.5547741206075076,37.96701513992046,-120.87908084092918,152513.50061758267
7.988681101835917,18.752875251582694,3.946274308541618,1.0216858916125675,702.0830226007537,2.3896758261757953,33.67072934609314,-121.31445893790321,462135.0166789652
5.7412017708551035,19.958704040222845,1.2652614009262253,0.6830913647811008,754.1177980578537,5.070078784786014,39.057002378644945,-119.68594296330215,273051.65987171873
7.339245878480165,1.0690349114888757,5.617220071547024,1.3281684693443183,255.68378044561794,4.422825977026308,39.45369446435076,-120.21248551559326,359814.45789055503
13.986265181419306,16.28982690582703,9.688359684301863,0.967427451487399,6752.288670362504,2.344675532639185,32.906954551295485,-117.6666141815741,800000.0
3.8681143119474766,33.969395823534455,5.982452770125819,0.892533312151516,162.82997471762692,2.819805712573877,38.92001415446586,-115.86848799012489,250093.59339036874
2.851252300301169,50.683916634634215,5.353214143714203,1.441280618020622,181.61627756391914,2.2806075573246924,36.43955646457497,-121.02911346812759,192823.16849635716
2.6281793450502295,44.20010217617887,6.07637285261067,1.111772236671021,2475.5715452170066,1.4773994321097026,33.67892032304198,-121.86278847177982,194845.95689225383
2.747012147007034,2.2033431969219857,5.376706791707936,1.3066577783743871,1357.3183772777465,1.9567379690057538,36.48912170313544,-117.33104729129657,200840.93066816407
4.279084027192249,46.826590838416806,3.6926698182537274,0.7074696253930142,238.4203238292654,3.3171589010273146,34.345212832108025,-117.29679934169218,292979.99572678586
5.499687018489145,40.94311907822992,7.128887822923182,0.5380732224289974,1220.8333949176374,3.534704662261652,36.44781555517151,-114.98868760713827,423611.6039156962
5.291038178279545,40.79918230212,5.874099198534685,1.1428831848160534,2886.6456867640422,3.2357927492508467,36.15122076560601,-123.84054313546689,288909.63572892104
7.36184035282077,24.357783709182144,5.436987829060681,0.9724614578021076,645.3139498985057,2.5834700426196497,39.51472055089255,-115.4695933788349,402968.2095176339
4.516788060350277,21.298269940679646,3.3517313427156754,1.3505738689815778,8944.757630742235,4.790013850006457,39.85504780258041,-118.78997827051643,255092.3112931873
10.720099596249247,16.448702170492822,8.137366657062994,1.0680366189349801,118.62155188256195,3.101143617340438,38.266772216653195,-117.78697910827901,579728.9453065204
3.823651668081417,4.350437806672654,6.795875765199531,1.182030135693852,1331.1832054100632,4.270055881033423,32.71552500073325,-123.08628559438586,346210.34762371087
22.922099753993546,12.640003538178654,4.238866241528666,0.5,2135.654286776994,1.237523783045601,41.34471165117444,-119.67385067127954,800000.0
6.523430635571456,13.576785383879256,7.503832192732069,1.8553747758457027,1621.8843018868786,1.0,39.01921616091625,-121.72697592761476,378765.15399346425
2.679701656568959,25.68793055522028,4.3551012393910655,1.0343032059871873,542.2050621599532,3.4621646468203453,32.824856774251295,-121.45774969917491,199998.51488644746
2.3571764921899496,39.119664736431396,3.7577926657268224,1.3790347881356797,497.4815736328716,1.4734655940936494,40.278912542534115,-118.95904885323972,148228.39058763842
5.9863594085256935,25.164301248295278,3.8046234532913976,0.7655633319121495,1037.0601092255001,2.7014107826567706,34.402528469820965,-115.87544049596887,403555.71674057946
3.919336302200204,3.950066921805191,1.6807560385150087,1.2232039608869365,1503.8059696589548,2.5829999105610275,38.00260130092551,-116.56219069855143,245868.2237752497
6.8784978782330555,49.8472798503984,6.390238998878233,0.578862094590102,1214.9685082249998,6.643907711871416,36.93302651452678,-118.09000040914046,368829.89916816325
5.953281467904247,49.078940273799724,1.5545957554894647,1.2808271353038685,1881.9389689492612,3.669290343488425,36.488468432373224,-118.60581807246533,294938.0201944692
4.290068295052538,41.044666700568825,2.8202679543418987,0.957610366245667,240.11789765045876,3.2639219139690185,40.952280341181776,-119.7269395676551,200528.81710387542
2.696416769400051,51.55772297977525,1.0412651809350804,1.111676201574227,529.6566788406133,4.5653518073826564,36.65493226984484,-114.27290026438614,211019.7430961143
1.805958842078792,28.768598972813407,5.2192536451391245,1.379189612052039,259.818696826344,3.611953614505432,33.215769116944934,-118.39807445765767,204213.30777131108
3.428390910354087,50.10118586291351,5.084327033429069,0.6069838755118879,452.0926894272799,2.389684869551442,41.493067908542045,-121.46033601687778,157751.09452935244
7.492026162201393,4.85585707145429,4.713937952308636,0.8262033077548813,1835.7729387254712,5.13324475522671,41.24508469677646,-121.69909207959961,343353.8247740271
5.096001672549567,19.649718161329936,3.21058684119179,1.2829297124347063,740.9876220163786,1.72482386160592,39.00211055102519,-117.88646969224858,287844.13592565287
2.1224195451260286,12.494444668345057,2.938309117783056,1.939288589818699,9016.929664517133,3.5311499888388,36.94497901725424,-118.77172472689071,158647.7846697535
4.9724295091697135,10.987487290847772,6.375176713447806,1.0447670661354074,807.0667407879107,1.3857134078338296,33.38216499296345,-123.92302197045288,329678.87945315894
5.647372698185237,8.18095039352648,4.243840943412176,1.3364544471695732,706.0541120926972,3.3266704161638767,40.01210712648602,-115.69934627804221,405213.17048273096
2.637115057214853,32.74309571986583,6.064352475225904,1.057211412056608,739.6543033716417,3.3084996903789636,33.217040187028275,-116.95877645767565,271962.2855038841
4.914721376391304,40.84741464311256,3.540977759139133,1.87689823790252,351.4935310146326,6.946427377157234,33.151709356503886,-117.38170710321896,346712.03420682676
4.64097851597226,30.49321837043839,5.780231759819273,0.5,627.763427455406,1.3737071761315056,37.605146503174,-123.31219342302342,267099.5593212598
2.257409284168566,8.495098188998693,8.136883878363735,1.1378484178677433,2054.5004905903775,2.2245539243335015,34.02121828175408,-120.37944149827509,232582.62188083405
5.554855533645595,42.367312266607016,6.630948180824845,0.5,745.4370331988974,4.532806179085247,32.57343753973331,-114.64617739267214,455003.0165706645
6.274355156425004,33.433690065350156,4.533930981745391,0.5,300.8284805029037,3.5525250353000883,36.51957759445997,-115.37410758658636,377280.3048155122
8.583405497698665,20.796451012476773,5.940117837747448,1.2189848212471266,263.72723796758027,3.2875826098799186,33.803563700295626,-121.14457062130467,526365.5238568331
8.43408498053983,35.38064507233921,4.894603133486553,1.1557991184589835,424.0274138015165,1.8625232390215267,34.02489644516657,-122.42941115900861,453652.5003828894
1.9608898576678881,14.255153941384474,5.41654838785893,0.9860652249031195,716.1312315192334,2.23578148787666,33.230651067985676,-119.50912042831423,190097.55744694098
2.5530914955213917,18.604802633204734,4.716216790488143,1.057522363984099,2194.230150913132,5.598622045234838,34.448390660374294,-120.4416962133234,216568.212786068
6.104469210190921,47.7917779997315,5.054896067640679,2.339319773628503,174.0793724368099,2.927782771024719,39.2970997078567,-117.17773623294009,296333.9086459126
6.099895077047538,15.81572978924244,5.845396041455769,0.9967299447874263,483.0758700237759,3.6243677093003672,40.18480941856902,-114.3356518991568,377643.7573106787
6.104514697558969,24.969401676054765,3.313946730877904,1.30404974450003,768.3996838347218,2.836031839785902,36.79906961827835,-120.36998550017438,295848.45977631694
45.22449633702102,46.39719800719675,3.266654463321046,0.8402540721544477,106.30307711304549,1.6627240350191843,37.31226125087347,-123.37775827347758,800000.0
6.312515855848452,37.0937888636439,2.484060636954457,1.2180930300162414,288.9927834483186,4.791795636216948,32.810222828644925,-115.02385991657614,370147.9730962527
8.858162799199938,4.17236453439984,2.0394306805422096,1.0047065299777531,337.0096147173121,3.8636649126696145,33.158504483027514,-123.6205026976013,555114.5293080675
7.943873940468826,8.512455258227487,2.843706346336994,0.9357926069081081,300.0741546113241,9.514513966570012,34.94689339367041,-114.47234102846667,418663.9728227016
6.62489651109496,1.3999211293677578,5.734871264288672,1.82755941288013,805.8434920243246,1.8079783912833067,37.6670349967749,-117.3542057199096,403331.7638663653
3.709282468568748,33.17701130168733,3.525146217467044,1.5708739852737357,566.4792155133686,4.532558002562283,39.525735912982434,-114.58310791558051,264258.13511626667
7.066614651146566,23.831344695931335,6.478590374885302,1.1546986589596924,381.73013168940435,1.559285988774452,38.24752908271132,-122.00340313351022,405326.85518338205
2.818781984561971,7.848017396016052,5.47289887238038,0.5,1020.4128982283103,3.250059434901858,36.22521462237449,-123.59300204746192,215047.86509862304
3.888054235481409,49.85464017389529,1.2661411517800873,0.9555963106989722,3725.941004789106,4.895190999524125,33.62407869352981,-119.11790021723507,235529.6790185015
3.349402163660504,28.012645921226614,6.775448726865549,2.1812110257620336,3426.3694724216375,1.0660203780726139,39.9173457314283,-119.49376585429874,249296.69586339645
4.707347018539751,13.336557999757348,7.102677155742591,1.0077353333441168,97.24448077557527,2.711586160854659,35.95596749019104,-120.68507726745118,340298.5002999504
17.97164323770625,26.530782128890085,3.312888382846808,1.5412870288214633,1184.4954518086283,2.2668589096053027,39.4925131375865,-114.42343525611302,800000.0
1.4617595545719861,35.6606369694905,6.282402240079483,1.6767769607810403,556.6722852393866,2.1149292298031788,37.37329899818625,-115.77416267838568,180407.8250286978
6.7649584129800635,4.888200116651788,3.6013537014406825,1.1875855663423902,776.7785807252958,3.6422671316462005,39.51728950883734,-117.38417978624406,353464.4649179021
1.702964366129245,15.00989456744249,5.605107791171505,0.7632713472527392,446.6239504833437,5.261114325206048,41.119250833799434,-122.37141708362172,54494.06109629054
3.376504087234048,42.15524003508367,2.7445533453945723,0.5,748.1388805220369,2.810495050504278,41.24978040251112,-116.65676591781475,209253.04261134408
8.613841258781468,24.442908390535724,1.634476449677389,1.3736652834435819,773.8727048701741,3.3292372169693,37.58351441000573,-116.72987545300276,489014.56566036446
4.657915411465375,28.87543424364704,4.596083901812766,0.7740975988705808,372.8022963952908,3.1808688302333765,37.35932946527357,-119.74931826383992,245564.76719302047
2.3475051671868497,23.07361611268293,5.140169212822844,1.170460180755077,271.4105046789667,3.006876262005626,35.02394542227695,-114.75214090285986,239283.62213904457
2.9177645979298505,3.238897074793261,4.564872643409332,0.6000718641642544,424.666568957892,1.7425136220320183,41.39009839952827,-122.3302211777099,137345.75194083893
6.737969708556571,9.453238770827951,2.9135358277326255,0.9939049838119192,840.720501825434,5.2290117425455485,36.850232088396396,-121.32662437588336,348307.8117138231
2.891513365566273,23.722623575836437,4.560211969524612,1.1134876219604213,1210.751283881102,3.481968114543763,33.712116773230086,-123.36775660749366,210733.9732940468
5.103237558687823,11.668458735804318,5.965518980419541,1.2074374324177193,1561.4169313730865,3.6599180080905436,36.610696688952224,-116.04549041822412,377269.4188283003
4.605923092158803,3.5489304616436157,5.3057246367426725,0.6540711250590343,405.7795277203115,2.007208971034118,33.70700587726104,-117.78240613904603,328756.4052030603
3.031446175912978,44.02613286664301,5.783252164258348,1.578764379504541,883.4587199066301,2.3878414551376714,37.27405100044221,-120.8505969431875,170020.70713522995
16.221969307145958,51.0408189873699,3.9927580790461112,0.8612420861072115,1741.5008744896427,2.7509131225970154,37.83211739113402,-122.36186336405684,788375.8112506871
6.555808256254495,41.45028657383371,7.860607620903936,0.5,2133.661709461149,1.3950603183171446,35.70867973418906,-123.5985222997126,357814.23079240706
1.3296482691938931,44.543031006938016,2.930035993234961,1.0563906320146146,627.1383347408171,1.29173055829608,33.180680835199105,-122.33254431374064,98408.16774162123
5.012188213294961,13.340833646169314,6.4238766238821094,1.1137501236105842,533.2915512370531,2.224708808970184,41.46328358851577,-119.46715353662341,251744.40972116217
3.012975477265085,49.991975751173186,7.881971295215919,1.164235773268704,805.2270069178771,3.9011070944397406,39.84685457809258,-121.52823030989394,157650.67820616782
7.474221755482847,11.043210927124848,6.4099069947726806,1.6448529614740317,210.66991551380815,2.1671897995473466,40.46937026479865,-121.41017822568033,421331.0729414517
2.785667598720777,49.522920328453445,4.974699123163857,1.0054204653056564,548.0631343415607,1.8050664422255798,35.98524974571918,-115.24423633332286,264943.8741929314
4.183541493691376,51.7357839922635,4.290576202007744,1.0521521502524915,1400.5025261863184,1.9990202257102616,39.72789478518478,-118.848623265389,253620.9191125493
6.067777344298365,37.297863093048484,7.575784067197138,0.6587262475067627,1263.8869462435764,2.39247594133804,37.111042504107346,-116.70748026871586,409436.75073185377
7.534203475235211,51.038330321382915,2.411752656950487,1.4282214011551588,507.619624091717,2.517007053743232,34.41029313985744,-123.64289050971857,407583.6597116889
2.1810843377316975,30.046528757922285,3.362739053202749,1.1737236256312416,826.9284726078819,8.870762229913137,33.68202208061852,-120.34836644321972,151801.49624425825
3.6667263398245273,14.236630941980607,4.565128692467385,0.931988909082335,291.5902780940816,5.090165344622935,35.77798325855954,-119.20830652604558,246174.5873553001
3.3704046566178145,23.286790168946663,7.999072890775197,0.5,1344.1164319217635,5.014767483546116,33.80674505901383,-122.13583144789816,232508.04345683396
3.028303193316712,31.271607704318082,6.197512035685882,1.677764878022035,615.3422172532896,5.388624632499354,41.98355527393865,-122.79808458554461,117550.08134735032
12.926410501739323,4.727159663377765,3.367103907128485,0.6089280142175773,504.74257574283564,1.8231933752026845,32.96729540720421,-115.29696221500157,759332.0509995796
5.714398409785261,32.739506495479546,4.748353818691703,0.8634887962521178,463.25430766186275,1.6303874606745212,36.690864194006224,-114.60568372900204,376775.5017443834
2.103220260150493,51.040069674877024,4.109921397397782,1.2433378044304013,624.596682290488,1.7273092557892609,36.79488846270865,-123.21193301954592,164932.61914108583
7.773473996327241,10.69549013897011,3.9094431163095766,0.6213768285533254,425.0141043450736,5.854748648015997,35.35600332152592,-120.50981287457557,391576.8671299373
16.01128391257385,41.42235093070755,7.455668072969237,0.5025960886987427,1284.5234031000923,2.2850870172276103,37.927839874215984,-114.41714371855527,800000.0
8.326799397300588,47.302838482760585,2.5193394285466386,0.5,447.96560368733634,1.606924186943208,33.92478172943967,-123.16838266867535,392494.9703459313
1.8010647547391216,49.12878123383126,8.778439797042186,1.3883987811622545,3271.369867937323,2.42177780321967,39.94716761557872,-117.56358627121274,158396.300831586
3.3516727724829756,49.966915824677805,7.139282349387708,0.8819255021094713,2879.0351610651496,2.666314639586847,35.65825332335256,-114.27778629032994,311045.80419956025
9.584495008546051,27.59444157479507,7.690809508267766,2.270908036989332,272.72296784132635,3.435651719696446,38.11775460308709,-114.21776331418626,547134.3367489658
2.931160209614231,50.84270330756669,4.427827024746958,0.7022579737476506,713.1589090533893,3.4057851839359765,39.29857274263611,-119.28776669096257,178334.91010829958
5.849122540330267,39.62282056385638,5.085124489933871,0.7314195906284315,347.0064538147965,1.9855773297301302,40.94590011805653,-122.3725089221762,235000.52512413845
7.1333461640566025,9.245243248085057,2.3903811894981053,0.8738428118858395,479.79188492612775,4.2326496690594055,40.4399806462959,-121.9791568502256,267779.33436406415
2.5698350579284766,25.32190542986647,4.298208945159714,1.1972538620553956,4926.713774746001,2.1823520847509585,38.278935766983814,-115.10398604875606,223352.01127965294
4.32444922893171,37.634889943972205,6.436675180050617,0.9119186644858756,489.0323207452442,2.7783627952496905,36.18973521364693,-114.88316995670264,373919.2081894844
0.640977833334121,13.61435610677325,8.121732429740932,1.344932885601005,953.5825881537494,4.23501569979944,37.28044436571216,-117.92120356126445,109689.32770141974
2.4238747963430765,33.671374360993255,3.0749706847148515,0.7085646440045383,1142.8967120011207,2.179486498761864,39.80298053709863,-116.33823600530089,194624.15555198828
3.851486236124022,34.99662443137758,4.632437532330942,0.5473633126145676,244.53797834744364,2.2599084151867888,40.83668265431499,-116.60068748529592,220555.35395332443
2.1198176923699443,9.29768693423686,5.082271637511703,0.5,282.8465503263277,4.038341245430266,33.485928317678386,-117.38178402010892,194329.94442952756
11.934660126690702,29.819350935090572,2.4688426753957815,0.5,199.13393301988492,1.9564535317773868,36.15613449368401,-115.7272304512806,598394.7944663526
1.9001164489656992,40.35297245990899,6.641833407692641,0.8927723922099774,274.2470290512751,2.4783771926723084,39.87310768492826,-117.1459337695968,151857.0704819322
3.441726751129186,26.443678891333036,3.879620303340521,0.9796078750427113,38.4735076205484,3.966448417040254,36.60069174464263,-118.659976942525,216171.4964171155
4.847409053206949,1.6172589555814787,4.98968026252825,0.8474251890067268,1146.6299040841138,8.390047825140453,35.656163758629695,-121.63043637411843,247767.23114207565
10.641526838098477,1.460961923043901,4.450906318985057,1.597362318874865,5188.46847586317,4.066172959833024,36.407565619821064,-116.5611185588138,537346.0440801656
1.893605548397579,19.20849654247062,3.7423891379886842,1.5912120838432542,771.102060534332,3.805014802168854,38.227025094470335,-119.26562132161726,111881.21855968137
9.006065108334191,48.23589749002088,5.385205530490835,0.9660788050221993,161.37504703962296,3.917292756366763,41.99814886927111,-121.0520831599249,401904.56564413547
4.5092905565734,12.662515759784048,4.947219885007153,0.5,349.7517499975511,1.7566434596394687,37.18342807649305,-115.98053724258224,312657.18843038107
2.4870438823828964,33.35254813245604,4.619098447214803,0.873317956777979,420.36490477968147,3.1829179466279443,34.480697512065476,-117.03286399646971,213576.31353729116
5.913643178501935,12.325869405359349,3.8702305944712805,0.8600714424331755,240.42669071976357,2.959785370769403,34.0470424651514,-114.626604368753,418512.7682702732
5.050240254701808,17.40516947263698,6.071001808644207,0.8371460150887768,1572.123666882328,3.528215680436013,32.902322601025936,-122.34558359981122,370149.855738188
3.1263615168740113,44.250146569675685,8.872596263833799,0.820912438440702,1495.5660521682523,3.1843685956200454,37.808763731724056,-117.50810715363507,254042.63260155814
4.6733737954886925,38.17193355576729,5.693763188962168,0.8386148417100772,209.46322902617834,3.632241092786795,37.673434869143925,-121.55760531911824,253687.91512808407
3.556624218947625,5.865363142973742,7.491848251313371,0.9453833536408962,1373.4499216088407,2.570926661385573,34.44972230441294,-114.96417014698358,360069.5456785033
4.7975741615325225,22.863803070308116,2.4805339571777285,0.8457835604737773,3061.966585677527,3.0935040917658445,39.105629361299385,-123.00500585743384,188919.58685438152
6.667722882505533,2.487657945908488,5.731299022516916,1.183329003450237,4458.457821249664,1.6259393608361594,39.540516895481964,-117.43838193555123,375035.43042056763
11.607020025582795,25.525397476753458,3.0955265301607606,1.2441474863619446,11675.081031189198,2.560100104375258,34.96143295113006,-116.0891427847197,628354.1385816799
2.1325334811956447,34.78413459675447,2.298457652183007,0.7357419651270041,269.8880789240901,6.021984005762551,35.76894775828249,-120.45082159635292,104951.10493210448
16.11612018494858,7.043633803505729,3.847320044336024,1.6084261304028136,11206.177036811765,3.5233215604873247,41.90948088729894,-114.45861920616191,766733.2379287464
1.3892267818096522,15.733131884367449,7.902988602268504,0.7079750792637545,466.74992021813983,2.9729046790987366,36.05551244458198,-115.49269315413963,146097.34902514255
4.091570750802504,21.289667900610002,7.395033240206256,0.5,367.79824649901957,7.752858686506768,39.727615881682965,-121.05381700315097,277580.9545224227
6.378865906096111,47.89608225745854,5.910309916314239,1.2523112285460207,922.4861616473131,1.5213262857999805,36.80089155298443,-123.92458907284,300689.6002470871
5.304710082113048,51.656005786571164,2.1813288242311457,0.7730367462342642,371.6448395773444,1.7250779231038533,40.03677586467927,-121.0334282388194,280034.0352822721
3.08447137116131,3.2904762487764088,4.987810632085333,1.2285165883029552,991.326693696885,7.073502113005321,39.80572076843515,-121.18689529529257,165816.6758835598
3.955577664261092,39.811404098264994,6.033570018693645,0.5,177.6690965885252,3.0740025296204263,38.84368223938609,-115.10035392499091,283160.7510954229
3.3340888685412953,19.957927386519504,5.768626082115056,1.656982376593227,523.8720095683307,2.661017269572304,40.620394289808004,-114.32878821745253,217481.9610714579
3.1467845252101427,21.015367497703483,1.5280334746904343,1.3689173632161609,2405.6664019411446,1.6493773242625018,41.422575701338005,-123.2956001402974,117175.93693075566
7.461535754274689,39.46751364069816,3.5303325191582697,0.5,628.2503343202749,3.7578543134550126,38.0098415442948,-119.28705171466683,398104.6262856939
5.552283538855235,47.83974803941584,5.265436695287695,0.5084891504614858,766.3168961537575,3.9441360625509927,34.75595461861609,-118.51668001470205,366955.6474942423
2.957233618062974,49.49735831962997,6.5262109099861,1.768906361639011,1069.8338175759432,1.7380309240561043,36.28697513561871,-123.07088338670297,214554.86114192175
7.688763099484538,30.43325188795436,1.0,0.8050480386008166,2144.4998399360807,2.800679894654644,39.703904278376285,-120.22502290862478,337078.65793817415
5.3891070997577755,19.21317912432564,5.0595396514922975,0.7663260605069506,127.07472354579181,2.5401981352281418,38.68339310867676,-120.8291758260705,276514.0386457653
7.298853429040159,41.16500337879774,5.7004024167458,0.5,1193.3551251245235,3.4143548997753745,34.189084216369864,-118.63943645672913,392016.265243749
6.538954597101736,13.801070546377312,7.184185175884048,0.9596887177593785,508.7012254239213,1.7166502775259136,32.98677564089103,-117.38809100268062,476426.4867940549
2.7253667152014946,29.767775470509406,6.855000926898617,1.008912154065699,785.7493868277818,5.617988756002943,38.98813513864962,-116.96514889503433,230636.20411162585
3.202370689161277,19.28750153776853,6.623399769498492,1.386197238707794,1919.749849398927,4.748894674197903,34.885250728278784,-122.63244976386612,278000.28792403097
7.0172833999250726,34.48818475910168,3.7201249359259387,0.5403686287262098,201.50482944895978,2.505309351772322,37.24686731542601,-115.87052298055379,412007.3194570408
6.463830891310981,13.260344557568851,1.3931955120410544,0.5,241.61741817494635,2.6960578328688007,39.594094338869645,-117.21457970209241,307459.44555749965
4.425835364681555,10.771240232476114,4.574589210171058,1.2803850539105908,96.02129984914814,2.8060812157409845,37.84533441623516,-115.10925083253281,252024.53737480944
4.80855407099631,47.830193420447294,7.5034268329379765,1.502692028490826,384.0762337351859,2.0357121804558003,33.291374539562064,-119.50663940564566,378090.5068793372
9.646536485178641,6.191987830426382,8.326254507801305,0.5,2516.0169240780688,2.406769256980888,34.263012249443776,-115.06110237277808,560854.6132304175
3.1426210049716703,26.803853294481513,6.89215311482535,1.5326056345198966,589.5814105891253,2.624432851589547,34.58361774829373,-115.34225877643925,283320.3394169667
6.223039348868687,12.263491931113455,6.301615727883642,1.1150167365947288,174.1427045797202,6.7290514174771845,34.94971040962603,-119.6159066764073,377077.8131390916
3.969675719191849,2.9854281296090397,6.197243261610528,1.5367221356298584,409.24796978687607,4.822580480323671,37.87133222352979,-120.18856684707022,250204.72235629204
3.932955890134199,2.836959732862746,4.232150631802361,1.0719118553929534,150.22561987310183,4.793818874865123,37.28767490834124,-114.67187985029743,287287.22391803196
8.664776342120952,9.936310377397195,5.126873383537398,0.5,215.8996892657334,3.614533517572872,34.430020364459985,-116.84835265461562,527315.5278029073
7.3540399066903035,45.20528807980601,8.905046004235295,1.0392130470735845,981.2417979294917,1.7183018309592881,33.141771012829025,-114.71754653561925,442512.09200090694
7.301689659670413,15.40641594282836,3.42062818783706,1.524057527468508,205.639919082047,2.9424849566808575,34.12860594250982,-116.03025221104187,458064.78564405924
9.808872019971398,49.47341769934008,8.791035460490688,0.7425015923665144,2023.601867349641,4.880483192435207,41.85162246987673,-117.90702560708586,415986.4244370988
4.5385260691966804,30.66273694244887,4.723740875566678,0.9448140124370192,619.4795618553875,1.6013830871593708,36.95119602301899,-122.84147222996235,273708.4944624847
6.747498089560054,23.26732367820707,8.183407429099665,1.0295465985796088,724.5818312331667,4.129996681396377,40.739782294670064,-121.08519327420902,326868.3331758857
3.720432578412137,30.584530568142185,2.44568848005517,0.5,503.52181221001314,9.595599544763184,40.563148433354016,-114.31157592901609,132944.41956154947
5.443922296730277,27.351617646539655,6.6303988224457635,1.7685390301749906,1440.647347665098,5.108512791421727,37.3594357958973,-120.80577901285795,285832.74475970113
4.145047165361724,39.697588941623586,3.852782714509994,0.7394497280411303,1455.580236054154,6.092232309130559,39.21353323037516,-123.0674513021463,163019.62340194217
4.7502515711698,15.407299364615465,2.4279388969592066,1.3022941729891198,929.8788900478314,3.350700321628102,34.33114409892077,-116.9244664408068,359780.60904426913
6.40509786859336,19.005569971615422,5.858921489062986,1.0653195455407165,1170.035191924791,4.874248673824301,39.03976869680563,-116.65995745456316,371117.49324625905
2.7430421824648494,46.59880942919579,7.5198907560515345,1.6030476225437442,538.027852936737,2.098186484504458,35.08765350300125,-121.14542279712849,230120.18400869373
15.727839606775536,49.26928217067068,3.625622978953658,1.2624224489712326,1143.9048631609687,4.472430094342093,40.40458991916443,-121.02328020653697,737101.1631125159
2.4507389004325173,46.5204696018102,2.252066483037358,1.0060302913916102,474.43386238264685,4.166990476707685,33.295379264534645,-119.31107014491216,191621.13518128623
2.162979852519811,22.391847691822992,5.207125994896595,0.742593962992288,666.6276353349142,3.4727805593741374,39.844817392410135,-123.78211050237745,127607.78190156125
8.978802523086141,40.798640653350965,5.21638580956792,1.4191402805528557,505.4030605497412,5.800845657023524,33.44940061240189,-116.10676989638836,554244.2096157038
7.206602475982068,25.29312239835604,6.551471217864448,0.5,421.0625766165082,2.294712540713216,40.871297750495934,-120.82911212725874,317495.62750968745
6.517376321220633,26.374532459451213,7.394148599865426,1.358356168110357,333.91557857762876,2.735929527027463,35.389942922282536,-115.46236897998023,482851.30886470655
6.533921542679935,11.438685561921481,5.275228119327763,0.6603820993780509,1061.7673434727492,3.151035158751687,38.71673696589046,-115.97369578399966,342056.3828531997
4.448878029969839,31.14764546618434,9.296556961067953,1.6009134647826562,2466.6245420066657,1.7953401712934676,37.13127164689266,-117.38597966881217,352470.02616133995
2.616002468232608,10.492930785420745,5.870892963524113,1.1645198170650781,2145.4443619805124,3.365127902054238,35.97987987999222,-120.75125132900712,162064.6453806546
4.690235220926649,17.909799652426884,4.6725043373855115,1.3576495071400436,189.31923496255285,1.2719291879568668,38.63169741524322,-118.8368343833883,295431.9918452245
2.9853081462548974,44.60654028261669,2.0157085458840616,1.1327955255298878,2414.3926684278877,5.07069184672787,41.501468315236764,-119.5517074240204,170375.35643655172
8.045169426316734,11.560866269753616,4.848415007336048,0.5,483.8822047028328,3.075042380017383,32.89206260005891,-120.61118113751326,475830.8239706932
4.103193492353739,4.629072543845073,4.693587414636614,0.7557083346418647,1212.8557903954534,2.315333061037058,41.22910213088949,-115.51863710696821,242342.87930596352
2.73109241705498,4.519387223253632,7.416640072191088,1.3689557350445531,268.75083003859066,1.9794384509547691,38.28627572269963,-119.16492925422335,235592.72765383482
3.6956945058075807,48.9800105456585,6.371215610540394,1.1666623269439378,766.6113158105758,2.6716880074828837,40.169485857306,-115.67276902202853,223473.03220760985
5.7417203189670225,26.852942336053566,2.9233248445715043,1.572395962122269,910.2535461965094,4.238162723422849,36.14681205762564,-122.94781525858176,348827.14812391566
3.1955693373804337,21.880015662667933,5.761734211463179,1.2613098252148687,150.71568905551854,3.9506079930872584,36.98250826095733,-122.58975211399664,204360.313503529
2.736467247187061,42.35480763140384,6.810215460631013,0.7133192437189362,1222.028138844627,2.111146207634,40.75408214211106,-114.22679694887023,193643.46082694555
5.187294793501464,43.62712232343632,8.608865854714448,0.7815743449117465,2555.3257965572416,1.9679259358241559,36.44105571319332,-118.1223153739391,332102.09618938767
5.191278171445311,17.941742688895836,7.263758331569525,1.141166956209295,558.5544205506036,4.172224526482361,37.57926588411631,-118.90230326500951,296071.9686090378
3.306314400270056,36.37452093116356,6.997777974054104,0.5,2591.956126509674,2.0934769532363497,32.69185176930116,-118.76843936855889,275016.2946964848
3.3783148383371606,40.327263608446216,5.526180588691844,1.769376754249194,550.2135670302939,3.0955168490461396,34.0066810554614,-121.8473122596714,229404.5575306796
5.151201365958026,34.38718503016368,6.215455211389244,1.276698694551023,1555.550110786882,3.1959274303964302,38.5960218257606,-116.81296050498027,298461.21019902715
1.8797699364064042,8.731348814805068,8.023960291482933,1.590813838819549,72.3438201972215,3.511457051971487,39.31128056010683,-123.15219376270245,113183.10885981994
1.9261471943927775,45.670037259369906,2.6011674652927357,0.5,7470.952494584713,4.614184819037341,38.034708899452745,-118.26676286896976,187223.01754860205
2.9122718097786016,28.493822189536445,4.666177412844393,1.5978260641421023,2967.4499053405602,1.5976256072519417,33.8614453446183,-118.29231203414099,221763.17012303584
3.9429599948301397,15.406093744870189,3.777605627611895,1.9925995644110994,500.3833455407994,1.1553696515122465,36.731351571489434,-114.8581157586649,297242.72166347253
5.400786220488176,22.68663745732239,6.196221549324861,0.571648657849073,92.5649882363816,2.2620610334104563,35.873400280450305,-118.73817189895139,367865.1022234856
10.861383822268852,2.9161256103442765,7.983466568866655,1.4085607179615067,887.1626782943763,7.394705002719967,37.208782768333336,-122.6293730402582,576350.6890651459
7.497696004307671,7.521206862343296,4.146353997885745,1.1004439778749173,156.97309997449386,8.257212410823623,40.7681258282639,-118.27246740751838,360879.4500405007
4.071603417807913,40.042884276308904,1.0,0.5,1037.7949880855329,7.505143367114222,39.8706836672572,-123.08672355634667,134322.21194858
4.430844842571409,1.000593372523673,4.534336435448613,1.297153588740748,1003.8177091390455,2.7278378965221184,33.29790026319701,-121.96206164700078,321254.027426289
2.4558732022832723,22.2448572525969,7.318294837236554,1.4334412819349396,259.4585166338268,1.2323740844621958,40.95793737885836,-123.68891415812584,137230.18960899362
4.432182464584786,27.64801923536501,6.529022796194748,0.8595493789324613,2040.534421012478,1.0,36.98178793592332,-118.86706417540502,288369.64998084534
3.768981540851043,3.786355420049587,6.29919112040221,1.5663666081020893,1488.5752044182204,2.209974372315943,39.566690376416986,-123.15467384706427,160580.5650292911
5.43919534933772,50.62698631158897,4.812014066063593,0.5,1764.8541604064558,2.7209012978531923,33.83037269701134,-119.3060562146867,331333.0724477249
2.7282528806448654,12.53239189373327,2.714035453938449,0.5020975414201424,671.0594308855901,5.756402424677344,38.87183549421696,-114.67054964675856,158725.33202373213
6.120280375987515,16.514134701450324,6.482118075411382,1.154638958235501,161.49528272230378,4.636235534688711,34.74509716728985,-116.80238586980668,389728.74810001644
11.24184916958977,16.501068125006395,3.6480081989272883,1.1101541111889088,1768.4739388077928,3.3659240764420213,36.66461852283885,-123.22588325774707,547933.1807505946
4.198569663284008,12.751249767984845,9.986603140098959,0.8133706046303579,507.5669385629101,1.925291942205627,32.66019726577999,-121.75790187791156,357453.4613652088
5.703197789657305,1.0751649264018823,6.598065137544484,1.4238377743887545,165.7067826333203,1.858203611698548,33.94030106033952,-117.26337580106566,467339.19174281065
6.780741047539128,38.196584498487816,4.180638564636703,1.3123577256863799,2570.972127190479,3.411199003883299,33.37476468467439,-115.05298138975816,428203.3476941883
3.5228408256815813,50.30912048976355,4.116090980483881,1.4432556283736064,5428.442397572543,4.256833139827137,34.777569642913456,-123.67081413236046,226072.92561958838
5.126665711450134,12.438967647537298,5.204817166111465,1.0507454258590931,638.2639235112864,3.654431830267008,33.45017185523106,-115.87548868279406,391928.544037588
4.515678445972777,34.815406781974545,4.8970459637543255,1.3410321071913365,5762.468117895152,1.7908690775239768,39.07314525288584,-118.38186119661691,298548.88466687873
4.752190450047989,38.83671267489447,7.745350928612904,0.9217398787880022,728.7383334957544,4.159246027245714,32.775879070987585,-118.53908674703608,375578.90202160744
2.8184698454447705,44.26969433361676,5.7914739564624975,1.9215274760346384,454.6573670544907,3.717143450107703,38.36853475593748,-114.42186817246642,189824.85191001254
4.548084269158557,22.554089047694067,3.8635733482920913,0.7749816919512058,354.0866105624399,1.758861626934849,33.83672439284295,-116.52355387403227,285098.24490870966
6.042386046484083,16.44947618766189,9.369925438827144,1.9421189717833252,3418.9282645029843,2.0296015943466896,41.479033843190024,-115.49881131943889,376152.1870417636
10.704734975692396,17.590051835174588,5.503547496192468,1.1139551788357636,304.8610559693524,4.2386634151881415,41.364393694543615,-120.46004430455334,484323.8290045841
7.9690277420140925,37.34368798802416,7.014563319534684,0.549795644172503,1387.5145193676951,2.671783514653386,34.642279473949145,-118.45635959171591,451267.91760930436
16.312137694002878,42.655752791787435,4.122724334366006,1.6472317401954406,380.2527506629272,6.649712700606863,38.33700233311878,-117.8459432257223,740912.0714681472
2.8280614085171996,10.262312355586735,6.1625428182635,1.1503605553579836,419.7642471729711,3.859604194878771,32.76605053498835,-120.78416059637534,261216.51090370392
7.563941237298843,19.917991416046025,6.053330981400711,1.4404496393520954,1863.5707678498454,2.355338387027976,41.35199115898615,-118.29751875052601,430406.17972790566
5.002837259744434,46.99895003420665,1.431736486598079,1.5895423674170375,454.84793473214415,2.9888754106233475,37.46837942782124,-121.63344620520286,225167.17418565182
16.674519235480375,42.1413695044317,9.632077731967346,1.2351822216580102,443.72483112064725,3.100897842960627,32.9106199384689,-122.5662432893176,800000.0
2.759421424051283,51.22777854088627,8.11035336793735,0.8631036620748742,2064.8331377670374,2.0871611545195936,35.7537499335773,-120.26029740722667,218986.04932453582
2.7078823119066,39.46666124378612,4.565889836093426,1.4902853510677,3285.9046897180747,1.903522088476872,33.23006988768172,-116.60710371253563,218638.79481165326
3.1279080070307943,21.052955252424034,3.085233545042704,1.1003022029818383,1267.3581339002887,4.2660781830823735,36.23297217404692,-114.83812851926112,266656.66256392875
1.2531527368520516,31.122529533726524,6.12987938898746,1.3743431274433677,345.5820940452702,4.584296452779431,38.864300250532565,-119.42285948501768,77521.51393768708
3.2692054933450274,34.711726966613334,5.582065168770233,0.5,399.17164034843216,4.062874527440571,36.96395412639367,-117.57176311724568,234733.52594817712
2.8420351654001004,5.001246632173322,6.146904791982782,1.278792686803941,720.478276027991,6.408716694108415,36.145360659834814,-122.969628690249,183593.07749028597
4.904907683218249,28.76934491429712,5.802312532007589,0.844565669941988,916.8373291568201,2.291286343688861,33.63199193263441,-114.95536241447671,405446.3350422108
5.5016804694262325,37.175362252103085,6.463106077542445,1.7613238548714123,247.67913298748942,6.93884533917248,34.826920934089735,-118.31395786430066,319697.00870334834
13.814275355310333,9.533386504054079,8.439341968722793,1.3492349391556382,1370.6466840178443,1.9146588120406158,33.45136123351433,-116.19661752374843,800000.0
7.926838679713274,40.81221758870341,6.593016730770158,1.1959430983397188,724.5228712892325,1.8105980739871352,40.17123795073827,-116.05558799078607,403920.4898613367
3.1704001385733362,30.772411806219694,3.195723452289124,1.2945239973400886,119.61660639829077,1.2461023488492375,33.78477836585486,-121.43519473631895,212877.2262537821
2.614181893647316,49.56331107057733,8.26138199069615,0.7006236588493128,262.7159781226071,2.403923857904221,38.15604698221449,-118.7082554681815,91141.19967246808
6.020386758793958,3.1635372085514764,8.845290583325404,1.7493026762112218,401.76660134831025,2.3352964247981562,35.75603392909404,-114.39520248439023,507621.00105794816
2.0296433252877253,14.531633015328815,12.019319142475378,1.896548167366762,618.4042137212929,3.9077768828094444,34.646794654224244,-123.10365455179172,240425.29134142018
13.448603336621654,31.679247844291027,3.0406625301968444,1.2571654042192866,4399.64350707214,3.3937838226547496,38.57495017517498,-117.16950101970437,636215.6401615597
9.094447590684847,16.124555522502465,5.910052227615578,1.7361614274294555,844.0158770921946,1.6545239343536053,36.841521939080934,-114.37735921964828,508647.90216128336
3.382092526903669,37.43563236763335,1.027592723303127,0.8723407205309865,286.9270809410484,2.468564680657942,36.30138193920331,-120.99422891945977,171851.5180588015
1.6033886285972625,39.70926940861848,6.5616132283963395,0.7811545735100078,829.3404980713192,2.4949507498165198,38.132094046476105,-115.38552078595652,194142.9983595069
10.097859033535306,6.228314167390197,4.248779373849778,1.1163698994915692,467.7398440378272,1.2361588578174585,37.167042470655005,-114.66342454591728,517496.8040599935
4.184035003849441,27.206577674545155,9.439236169132403,1.2739764153471596,920.3538719710397,1.8395604118838675,35.38309998123983,-116.52913790605174,339595.6588512379
9.418631360207536,26.95341833514385,3.7733085629609784,0.942405327502752,1188.6431042944548,2.0433552449579344,37.81108223376989,-121.68671687693042,516310.6391637794
1.7217537693981873,19.833319280992594,1.852715620268751,1.3151072761473936,2228.826844271046,6.1522170322824445,38.860236477231595,-120.65999281173406,54306.163548039105
3.1279410801226555,48.579167991053275,4.410346144524709,1.2225557928293658,649.1822567557222,3.3059549017725667,32.753585006575115,-123.6419070558227,218065.94369829955
4.495811654094074,43.202822313534284,1.2514756804440115,0.700677289883578,3425.3554543381692,4.183232934806129,36.92578142462292,-115.68546765754645,331678.396018486
4.609817905140293,36.55767847739148,6.977308854465352,1.3075172069806886,1649.1621705951961,1.4200360397906988,33.04799120354367,-115.5038881348892,395078.8785780538
3.4210951431542225,37.430658422484875,1.0633256028617266,1.4454112970086086,327.85139942355914,5.458135464988457,34.27085143364705,-117.67289690033807,234510.47286672046
6.51241242263156,24.547523334469073,5.459760920484634,1.1685877270361564,6062.36741762253,5.757774517231493,37.82483297374074,-120.47472148736149,360692.88722685754
2.3618087438376616,47.97072057592537,1.0365951783019867,1.561059241304677,922.4143381878233,1.106085843671527,40.72879469502302,-123.2318897236008,56643.922900759695
4.114726258146914,36.424366789917556,4.727374610473053,0.6130384826012193,288.55205300326975,2.111379737980864,40.88665395229061,-116.4694239008509,271029.05581630283
4.817125491127513,38.17803414444664,8.851094127189523,1.287180168852741,3473.482775294828,3.8492671768540165,33.164468096316995,-116.73473806390078,369111.1591614524
6.102285056345018,44.94623609315461,6.15736057201517,0.6318877174412901,5312.286292866698,4.146208187311102,36.48149831972371,-114.87397478261099,329404.7431434847
6.8686592485008315,14.97765105645174,3.5866634295736386,0.654367456706765,643.5339192926026,2.139886167274078,38.03856158854324,-116.69467978994638,378115.21908877476
2.2823708401985114,42.16061609720185,5.334472673227924,0.8476276665048841,401.95885780963073,2.5786094182984494,33.89716409322826,-115.71305057755998,211093.92325574002
1.7852018633671127,10.957270750781094,5.437835431293339,0.7231759265703022,559.8254521458912,2.2284571153212167,39.77160605907533,-116.54045382096001,149654.03693800565
9.646605512819244,18.61243956448928,6.392523726271152,0.880801672503545,1359.308953978504,3.174686932268567,39.570234955153765,-117.69312811687684,498246.79113870603
5.470600588392565,18.116133167761976,2.5295974371102647,1.0143398757155246,2387.1528413801143,5.466230551040371,41.08173963021455,-119.7303360580899,282056.1797043989
2.860247266938476,50.90479888784617,6.6443912750793945,1.434861794532554,1176.7213471715888,2.0431217778576487,32.58061711479271,-114.97882691357722,316345.2535491718
11.366735886378228,44.68339841114427,1.0,0.9715363845177191,736.3630035400755,4.955064817285617,34.55850031789552,-117.4903142809253,591569.6677947044
4.803788034700101,36.759662941103244,4.077242440035999,0.5,2975.0370458966277,2.0322914790156887,40.35827378533055,-120.01644678034091,235792.4731675221
9.093667666165228,38.079894842384896,4.374624930851756,1.5560271385980642,486.4643045289442,1.9663644751849707,38.870510482855885,-123.16530704818042,391738.68113204814
4.666974900373925,29.665712514531126,6.729986334749601,0.7651639465539842,1864.8191155014392,4.523551019432646,40.99670361013566,-121.09295144095618,165310.9399000122
15.432084557186853,49.301624022534476,5.447524790621426,1.0765118291581486,498.6663334489391,4.763430914694086,33.04320671803753,-118.56273265169835,800000.0
12.84821004418089,26.309196397000438,2.448317586901798,1.2786146027762846,1023.5404832035324,4.598384142347266,38.17115767430621,-121.24364629983805,622642.4156746434
3.8598237079281374,20.406403203364622,3.3315144357842685,1.1798441673611133,593.7375787972162,1.5559733461579284,37.90594246148991,-121.78764652082099,209050.56250109978
8.028057317222663,9.31480218351114,5.817228020049555,1.5376718190085903,629.0104167330585,2.3798191822768633,32.83890695542506,-118.72606485912152,492082.51277515624
6.601029156974839,41.09648826531396,5.2339585820844325,1.2916012573571036,456.0550302189371,4.533500126474166,37.378459730668595,-122.30179654104265,347748.4120685258
10.187677834067488,38.456640535855165,4.183839369764932,0.7554761681211568,2552.565041443294,3.0672178725427504,38.29044295744428,-115.99589936674897,529533.767163547
2.5119162891103533,20.60210696473088,4.390249042024844,1.9714248695966647,319.6011978628356,1.7562020950732284,34.31728515492002,-119.15631848657343,274102.9215861707
6.7641112346425265,2.2848641119206974,6.861952794034507,1.1777333853352934,317.27463251805074,3.77786475184722,35.0966310396843,-118.26137226037349,472535.9013025367
8.457509053225996,43.78886371361855,4.3128455969746495,1.0410639093513976,5546.894861992845,2.10138441025818,38.5832997898285,-122.52616732402652,428468.3927239289
1.5601099634155535,1.5823171561577554,5.215008387538947,1.4855701692222285,1768.4302446772783,7.368855660472092,36.948859002199605,-120.75423664370632,158339.1121447676
2.2034953442311576,36.888688761081596,9.95686683496914,1.1997803783720289,61.24525036194542,6.504021846736074,40.6511297468991,-119.89910316738847,111144.41051396549
1.3184551276369971,50.48311259602891,2.410266462543762,1.259691277175731,377.9421950545709,4.063516424564722,35.752626777087286,-115.91787169483497,160695.8230501571
3.8127697721305656,23.32072773555838,1.5111302636932171,2.0968735994402747,108.63684933658509,5.932841977292491,35.03326675468791,-116.29840476913847,270708.1315757991
6.893130620651612,12.98364365479359,7.0455382960770745,0.9899514286979814,257.05994496416923,3.103081577686991,41.85622643327601,-121.77022525212318,348510.34037291864
11.038776729887969,36.94842151221247,3.9748495712823835,0.9728956423930417,28.83198420987215,4.4049052397754584,41.155789816235796,-117.83820918392992,531057.9562779077
4.685426132129143,42.67353524279484,4.731701191740497,1.1466314048049857,579.9897449747048,6.289365225976558,32.77543107749031,-121.56543642228003,312247.1355077263
11.907510402990688,28.867946119970213,3.7595716059246604,1.5286063742324156,212.3122738698741,3.396513080788806,39.821921845412376,-114.11752844309754,687513.7330763857
1.9580305077627274,50.31879903806345,4.854419704388224,0.5,706.2047833221791,2.6443000905466922,33.548180351339425,-114.47876121869129,229160.60662959577
1.6127979638283747,3.635104804556016,8.756930035402316,0.5,130.9582723942252,1.281061486909571,32.761109350879025,-118.36735279479379,280988.59864847
4.334782260280517,26.744575513530936,7.084469763098051,0.865153891751941,722.640491634165,2.8818522712038153,35.10010740168031,-117.01097428105857,314304.33787047834
5.6431322191640145,37.64115131345005,7.210669374962652,0.5,439.25658652075737,4.534485346223155,35.05878585108049,-115.98569617791355,410330.5210470432
4.394629165573868,44.99466402860813,2.4259231828354446,0.9300674609897447,2986.7853827173562,4.820206231588547,40.283528242296164,-116.79001579955096,246664.87860744994
1.2963268172920634,10.142036207297293,2.982577153238975,1.3009998784517163,2728.08959658133,3.8658536826833934,39.25133883645693,-117.0017130891758,125429.75641552673
4.248338546603832,41.80017756994775,1.0,0.7437004545790946,1458.7651993928175,2.2918296045375763,41.82528955965414,-114.41445992050473,260257.9111899934
2.0489312171267384,29.18806086164581,3.700300275726217,0.5292693692874632,479.80809378241287,1.1180534872863335,39.259372552962276,-118.03543893692716,117931.85286205393
6.697963528993711,21.224237781488124,7.409076691409883,1.1277348646861394,4843.439536031035,2.3452510435748235,36.473427755932455,-117.63697328180945,405639.5527388158
5.584299211009962,7.717466457533772,6.4855876830715795,1.4450173938460682,140.74710834071286,2.5800984689709545,39.13981277897956,-115.5073124956182,360214.2865923456
2.5499458616095,45.13008370435453,4.93482214780054,0.5,163.4392514345783,2.5690482932281595,41.99486113827082,-117.30109132141592,164031.09559691945
3.2926076499244354,9.020933617165483,5.353169404192089,1.4280929593223939,611.6846672358074,4.092999922145805,39.24634788434402,-116.67067377982477,231264.55369323777
2.373752145211709,16.79918081966406,3.953340360591649,1.4269224814953305,6336.222875424412,8.107894409535996,39.735972881813026,-121.65831313803358,150196.88719011215
4.316274049840941,15.79232213008428,5.829993653043747,1.4816340408626514,543.2996955197892,3.1955672046675376,41.414467644307464,-120.2873307588493,200266.4648566741
7.949312065660392,45.44211574373357,7.008344386909291,1.5873920859486748,553.7729453454947,2.695635828352222,33.57968698246099,-122.52698654288108,421588.34187583136
2.480758529791875,35.3078527046538,2.0066377464380074,1.9808055698638465,157.2897496944989,2.6389710661013037,39.1954507877534,-118.94234557665195,145476.0722913464
6.064353304817778,41.630751256759986,6.029260144458432,0.957563180552378,1712.8768173682136,3.196934504934449,40.58265660069077,-119.44272599319754,301874.70529200364
3.2603854643161845,13.773862838417449,7.358113229004802,1.1438286320311433,1725.3345528282243,1.9854649527331558,41.56659670209849,-114.02837185720543,253998.70177677984
2.785079171053722,32.868579079956945,4.528289393176924,0.9334246267007899,1464.2159659981912,3.190249986412977,34.504208252261144,-117.88791347184457,233573.9628157301
4.2029295078931606,30.159045140331184,6.871471285453226,1.1007907379023243,354.5251637215364,3.7637137452960565,37.28732557338032,-116.13555176805576,287000.01958905056
2.4081398585385263,43.47434921620182,11.310774333392363,1.7131493422545248,328.0917292478722,3.336235354063619,38.965271052622576,-120.65985329242346,187996.40150851052
3.2149455354746177,47.21044008454429,5.180880134727527,0.5619942064277326,182.52328420970656,3.7763992149853354,34.8509434302627,-115.68454668657203,264362.9446750167
2.1842516256300306,1.619995345346727,6.22594480501118,0.7555801311337699,723.3350287523695,3.731736984212547,38.2044922008776,-117.84915033512317,181697.1248811633
14.568112717779774,35.37501587199843,3.850080124311078,1.6508723746018248,225.78713405810112,1.238686642301298,34.946998433731,-117.03007668401561,759263.5893650757
4.577523499189885,3.64362575510618,5.780627441464306,1.508014602760836,204.91258934148766,4.130651237627953,35.66784169505065,-121.05569222050545,285452.37219056365
2.94516456560491,28.991791918945154,6.366570412462838,0.9547473412731688,435.4192164934269,2.147904202457865,36.69442761685322,-118.51361608304423,255783.25371456725
5.095653627329664,15.669269181227587,5.80916891456729,1.441760800448288,407.8273099246573,1.7368626629918407,37.52730593809238,-117.65963026586391,332948.45871793805
4.189591227834597,16.645606575629202,3.258639828611401,1.2364863369968133,388.3944594206429,1.7293992365190265,36.76897578043893,-118.10905324183419,338692.1617491987
3.925203669788421,19.000883676070185,5.833359719783447,1.7001098436003952,1060.445728005829,3.7313526371945014,37.18535743798533,-114.84806288575433,298418.88734562317
6.4785713801131575,32.68591490153011,8.470611471307038,1.1298038375307091,719.8535597951243,2.6877718353814495,35.33659318473878,-115.01727335507447,430191.301751318
7.0604206086626755,18.03654824910723,6.342135105480508,1.510252845549033,498.61984387682776,1.2956540272477408,34.01016839321499,-114.2901594212313,569227.7371848293
3.259909099606856,38.3676515801043,7.420173097050867,2.156804764197048,798.7219824339093,3.8152985081877526,32.94982478460498,-117.32571993993011,309832.7073408295
3.172465530996283,21.630896664267354,4.902274862973482,1.3392396620189866,246.77400515115204,1.4625711296518538,34.361797863670844,-114.28085869874316,325891.2857303204
3.799878078867291,4.48601321580789,6.9747905027897925,1.1197312663179375,738.9857396261228,3.22170486061133,38.028464594304936,-115.6752199996809,306904.47074857674
1.126197936037977,40.97175196668947,5.986462460254705,1.3889787940883918,773.2500628493409,3.3846464771206075,39.96809675412976,-121.2916785966004,92670.53244561213
1.8055863066698419,15.573674554228006,3.403087467656813,0.9538876567184461,147.96165326667278,4.6776158241988135,34.1078521757075,-119.72564330448702,191626.64778787503
10.176941871756684,23.071110859562395,6.068894110077637,2.055187082209893,1800.2732796178216,7.321698914826636,33.531275898840164,-121.6160755781099,520646.4325811676
12.024913565920706,35.95763804431698,3.3174370067753483,1.1720284150783926,275.49412259529373,1.518407118543433,39.618258425217874,-123.95802839169434,545069.1093335188
3.8596572193881333,17.955264014584312,4.070951422741937,0.9908266719097949,728.0063707629724,2.926370950690304,35.39900414010425,-122.11951246853091,203005.45285003295
6.334014123043298,3.8858684634824967,5.797589445313986,0.7657243979919857,2131.1387505953753,2.616486409012678,41.53924467265985,-123.95939413713124,282241.9833793369
5.401896484387299,20.06997339765349,6.024212974098261,1.5388880766425754,1678.5351503296552,3.7317408589002565,39.28602072079855,-116.8016153864951,298435.14087624504
28.42668978675829,49.16687771740948,2.902611823338029,1.4468749651310957,688.3747528639126,3.346230155505976,35.60418244880879,-119.744657022788,800000.0
8.773580122527019,33.72845426222647,7.61337011948404,0.9010582514343628,462.8953474528403,2.518659658890754,35.250656104040196,-120.87425272922141,507319.75269969605
4.150585651425992,35.24543658202755,6.601213184430994,1.3305805380489693,1715.5892877118276,2.409812408544065,37.475134669577436,-116.38279108904813,304404.336248613
2.5260977876758623,33.24638983551963,3.920070285217144,0.5,1305.9616929335643,1.7190547441581738,33.25187434864299,-115.67513225380355,263449.9505452449
1.7093825233472886,11.148599086931277,2.171071927456732,1.1739882300292626,358.3947311483952,4.923062475369481,33.61792687013034,-114.2470046135012,194351.3823975421
5.063602474783444,22.335027069216288,5.095700383928994,1.281102540830678,300.3974265167657,3.779539174908254,34.17064987250383,-117.57986415324758,343604.76700077706
2.8467829089642187,39.29792971652923,4.4635182008915635,1.7829319238236891,83.73397576958801,4.753513833088358,39.85987413639332,-119.38471041459948,180119.58203711148
1.9091302545548223,6.170017775211116,5.637594959811349,0.7916724789085243,775.9063591346194,2.5723038364400757,37.38164491305666,-120.94735698392564,192086.8062272789
3.040604272319307,15.170491580575325,4.63745501157331,0.5886589484790703,612.3489225798826,2.1631862827299666,32.60038766635721,-121.77681790785773,216029.33949053293
2.342154419370555,15.092274531758534,1.184340592435479,0.7418288156299834,2071.8379163971654,1.7521480049991305,38.89840701098504,-121.87074049517399,70394.45526169037
12.333078739792688,23.032965307319806,4.584471429567568,0.5653725998740321,952.4666502055837,3.5946937215544046,36.52505669727472,-119.90810625280201,605991.5390230343
7.606353266314964,50.99880578805144,4.758199866756543,1.6346629431035935,2525.5880209280613,1.786223094765461,37.35309746715608,-114.0821364471207,475955.39001803246
4.460301725539761,4.442629880874919,6.7306881520255235,1.7194557180096148,331.1713026218244,7.5710482680203635,34.53410431242289,-123.99146302562596,315730.1880724035
10.891323720622905,27.453750713410347,3.9337806833167956,1.2280866311795315,2075.9005343343815,1.5623306448424816,37.741931169743985,-122.02794102768999,502297.8869328496
4.694637897667886,10.147598782622733,8.92521681408239,1.5885179782740593,391.9301444180912,3.444676719628805,41.801955777639144,-122.11607017596427,253919.86023022243
2.673074957440628,50.50450381589695,1.3855548436313105,1.1535833522320942,1447.5041287754516,6.576004575931015,33.19772456455473,-116.82880514467708,264422.35026026645
11.177182756155258,6.778478741100674,8.153451745385512,1.0619553409196936,154.66192526426966,4.053354782665365,35.19721529681209,-120.47515272401938,634943.073234834
6.192544238321684,21.583651120441154,4.92893016115598,0.9667849523784954,841.4573250284022,3.2799784630981734,34.808477132177885,-119.4273919540818,422988.4084024124
2.4052462938611,38.632134226564915,7.205128231921469,0.9758436034489739,91.40608562317874,1.8510594975153647,34.86121845213621,-122.51375869530095,228524.96958774357
3.998010223185435,36.93227582939971,5.56758311652334,0.5,509.2110229626557,1.5054854520873058,36.097710396871086,-119.95002961123052,237389.807865435
2.65018393750648,22.559160481590546,7.793066625653486,1.2057019054429357,1033.1358740105002,4.41507602873329,40.272042955069594,-122.96800188094164,140370.02865274376
1.954863092202876,18.67273256558863,4.586539874439096,1.0838664359143826,395.05754931967584,6.379397265409061,41.17215755466168,-118.66956712111417,109806.8067895226
7.812355575213594,21.2782313061964,3.0928971071265945,1.3981442896311504,232.65632652662092,2.412286383861346,34.42104333086024,-123.02061634617144,420329.753837888
14.092602076694513,14.478089421090603,8.383059003269233,1.1374093985754439,1550.1678111264941,1.6997297132094396,37.65802441050707,-116.09491618826844,791727.577798158
1.9364559175042195,11.47197987404679,5.161690643647503,1.0349185193723633,599.7645791600528,1.0,38.550540235572065,-118.33398282459511,178680.24894448312
6.282585138370264,25.63502457550339,5.865272794610843,0.7515227879969477,407.65831201133574,1.8397277121969229,37.45736100645652,-116.76032126226482,295644.8876702658
3.0331887489182994,14.695221559447972,7.99297901949407,1.1288612947287047,693.6003438092436,2.8382043433921167,36.62372574487074,-119.81483613347316,203186.49584835971
3.345863376162124,15.660544909759755,3.232893991601687,1.395294892326465,9289.770634010796,6.682964125013378,34.32376730566276,-120.18508706757773,165560.5073723328
3.1410704374012037,34.49455923720241,6.650530885042441,0.6426644035664557,2108.0167378400242,4.206230364032444,37.138083912392766,-123.01791110951136,196147.10744755113
2.6687375641805526,50.395403916694505,4.161221011427929,1.1349895014722957,2127.2251612214154,3.49922915340185,36.311540863257626,-118.76144392957177,195072.15674936268
4.614082208441105,31.78549722852813,5.122444353146819,1.1932171806117937,1028.1808133202387,2.4594559559049176,40.05785194377156,-118.85497835142908,258304.83634467563
2.7221715619717775,4.92595282031328,5.551785827307007,0.8127740865526943,785.6294727586214,2.244352680640578,39.75424141204846,-119.31897955550394,153345.39103505612
5.2712846290069395,4.854764306557415,2.2495340909614345,0.8648574780368,60.5771471169277,6.066754593562517,33.772987471453874,-116.5948163531755,372766.37476978666
4.348613829055712,49.52258426312386,3.764442210077087,1.192244339506486,337.315823609734,3.321343169966033,33.34093099934914,-115.67495599967646,343074.89325111825
3.883089780388121,16.161830305674016,8.237253074067592,0.6466315926829509,411.34224743471253,1.049904968664274,41.12746246066128,-116.49210325051492,222285.587102967
2.599870933347379,5.695416290206247,7.261001496028071,1.2399694860997572,102.01378344336287,2.1451943965834825,37.58732969516273,-122.56134257193156,146279.06967313166
3.170651862663975,31.55127394466946,5.268456887612807,0.74185825053632,209.05224771391912,1.9559812469429512,40.649108904184615,-117.77940490717891,189154.91151316286
7.051460337858896,32.80608769280357,5.910559262877076,1.5251414772132867,91.75881228976027,2.286147291813309,33.05243564538081,-123.19676894310467,468888.7925038188
6.052977577702249,34.0737458260531,4.782090738163439,2.03513109815532,640.1331261311378,3.980690633082294,37.501898356955486,-117.05377712559523,402201.0570673668
2.4929502616047428,14.637503420734607,8.248825110238762,0.7556972793192722,1508.3414834578928,2.8470334547440173,37.624551888474244,-120.18160903438873,222268.14645616495
4.756915163502256,1.7706448949382267,4.979259586632256,1.31368314494987,2011.778666833196,2.890898335331916,40.67666930915043,-122.67501043733714,208917.22624129025
7.034539809670227,50.21578384217806,5.886868393483181,0.8093032380471923,1007.0539457911119,5.793499891126455,33.42729498318222,-115.37949143023872,479602.6555331184
1.646014368115714,13.795545330246227,7.806663302698337,1.516381669519116,253.81449328747112,2.120749269191688,34.784232854921136,-117.85991660961062,205401.07743388583
6.209100978068783,35.477340690679924,3.7675198818235964,0.593896636365914,96.3449366148549,7.630090932190818,36.362113981926626,-120.45275032052473,301928.17847823986
3.01146220931768,37.03812336381419,8.673457287443478,1.292234703371085,114.79309116655632,2.1475898305972683,40.72549401648945,-123.69272820349501,93374.86777065124
6.311410597889296,32.11037827105377,2.186031039538909,0.7508044132442591,186.9829474791576,3.141181799273063,41.41939149317039,-118.6268974099639,289046.5794406573
2.83500728282604,16.95827710489606,8.822248475336878,1.0172061643606525,273.45588256658175,2.6101252333204616,41.93088388613947,-114.76774121513768,197635.2444485611
1.517509857180544,14.825908941967354,4.617381273700854,0.6875898899410773,566.93887971963,3.1953913441177524,41.612338121355954,-118.03620167297635,103483.10580516729
1.6878820822894658,31.481082417837857,4.890332629566909,1.4289401883583015,241.250492549515,3.7520261379960274,32.55644668052137,-114.28349395380506,170154.69243284542
4.612873436797984,45.17087731419627,1.43097864051582,0.7652078582241653,933.532608365346,3.7319004952320114,32.95322924381178,-122.63548881729541,269818.1323506476
5.237443517976573,49.28342017509318,4.444931093506845,1.320785703732731,527.2772478460554,2.0615153819909526,33.90226478199709,-118.31694895405163,270121.7468879542
2.6049409967201465,6.4011960245916395,3.2164062848435435,0.9623607886950669,672.1931412086958,1.7135078803081305,35.81418991931759,-116.01874951993571,265330.40588469454
6.5742169457399715,8.896259242483712,4.123942674715708,1.054211051280455,2080.2649672251505,10.50221193498939,40.384221294376104,-118.74459268874284,329965.87851141085
1.653820329184757,49.18154919793706,5.111646971843353,1.1591023629600514,204.33652474486482,2.358457562611919,40.98023385568706,-123.08933644012528,54811.502369272006
4.307476013286372,38.56329664507442,7.411362390393102,0.7952701313364605,1011.009462268168,4.26143611358703,34.27492685979854,-118.17113998452783,337274.71666639054
2.1671008926424955,46.03268506631843,5.835967037941314,1.1841468454163548,655.9120904632096,1.3447113021040402,38.38680944038723,-117.88262094157528,140111.89133581586
3.0310173896335337,11.334264340902502,6.046120972142339,1.7121338257417644,476.52191756758253,2.6122022514205665,41.21493885812013,-116.71290751524647,201149.75043496824
4.610974407016531,30.966879426579496,3.099409283424319,0.7887620856669144,1612.040941772525,2.819051012738267,36.90545149134755,-116.38788484834527,314223.2543025113
2.674472008402795,36.758119315291154,3.550416411834267,1.568724057309538,1602.0096551688766,3.8053483395331598,33.48366393355145,-116.29227311789393,149988.63737804437
3.5582422518959573,35.68570615779561,9.177322538537755,1.6992390533951138,258.14184070081615,1.0,36.84922967580394,-117.36555606361034,274164.6931558666
8.197061083105737,21.815736234201605,3.8560778269971827,0.7735380043887825,554.3739262200346,3.264381484134847,36.07005157173654,-121.84188813581342,426760.31093479326
3.170422558719125,1.7851394762567323,8.878037329320321,0.5179781579637793,881.1357343619096,1.6906773920351326,37.98775096262707,-119.9576424416052,242325.75224594996
7.399520991518298,30.72922889701742,4.88957148235018,1.220784360068706,506.2310835914839,3.5330900474973888,36.66725750186748,-116.23870027385601,475927.4944596883
2.27544556780314,13.908178498160046,5.404804665901358,0.8810369908932509,1193.9487048741596,1.7893195386636906,32.66478630511032,-114.46573016599187,247891.12927633576
6.158803408130238,23.96296655328741,7.6477668364828535,1.847441287665201,881.1184072854951,1.9586562512761296,41.942978467429874,-123.21053035163378,268836.0743016658
10.643412672613566,49.83663176927468,8.070974086071178,1.113923016199933,4157.051136001244,2.6200311180043387,37.66363225844042,-118.64463322202805,508146.2300507666
1.0171588503703055,21.35080119976417,5.167293623413917,0.7791202367859285,143.98668990233878,1.7750618461084895,36.99949217710379,-120.87477728675694,161426.3862346609
2.7783656154844985,43.829881939885766,4.584689587604768,0.6411361955953154,588.4923987196025,2.368442998590094,41.56886502928852,-121.7460610568317,108500.12634754756
6.335972259761445,10.615570893211808,5.282567058103353,1.5359619836363323,268.1368510666316,1.654191079672264,33.98067349207723,-118.94189316480285,400653.4356040184
3.967645193143699,35.29548539927647,6.109710809287449,0.8715264103663255,1216.9554129202813,1.201312578163909,34.29775722417986,-117.93910659443463,305509.6198166792
5.599557204684384,50.827354676386115,7.271737742426486,1.1175315197841713,132.0034567778489,4.997703596411364,40.17614011609644,-123.90227768580519,271502.35999609303
3.1193008431335394,6.1965481445197765,5.408882703887719,1.4823210980449923,940.4069529285605,1.5714136898268607,34.97789526023758,-116.1979342779881,292929.76918909856
4.720684793694521,1.4243170535867926,6.699661225848623,0.906296659227668,354.23182392745815,2.747412490497408,40.09265750976951,-115.80117868740552,384988.9163149912
4.082026918336074,23.112722424263332,8.840555437768977,1.081628468503936,319.20646970798833,4.377358852279023,35.079568087630776,-114.34489175432067,363631.34262428497
9.031055393860433,5.723899635619727,6.200750185756048,1.093372636070992,156.56978113656785,2.2089735458459363,32.815282487137516,-122.19356266775306,517225.369691673
5.220809706122602,39.1676018334878,6.054470997610035,1.3733298046064368,417.7670806108176,1.9885725109039647,37.4116398769238,-118.05447437639052,303606.51064701343
5.487987415051026,47.64198185627651,2.210287267310858,1.3362977342041304,1967.463699958625,3.3639606489083635,34.36852112420518,-119.73374626523605,304653.8667560649
3.5003880029140495,23.1350696081467,1.0,1.0119545074980687,648.5968365243256,5.2538803157698,39.69953978285847,-120.6517214844465,107524.92737098067
3.3448982198092567,14.194293749927489,6.215589031383354,1.1254596245986073,1245.9834513946319,1.6742115992542963,38.591396515705405,-118.34366548562495,235475.1946210399
3.4572210005205393,23.1545692693371,5.200869114310168,0.9512883953906047,3514.4623084207938,2.7868894572070526,41.27422534579022,-116.1761690677645,232047.9314262847
5.678410121852891,37.89583871035005,4.318956382679042,0.5089550372322221,865.8880128827344,1.2633320347411745,39.93838939402449,-123.7694721655479,235524.83301403973
3.4813122690294738,1.46176224059892,5.911413428791324,1.2030403429592518,380.3912878999134,2.4679787558331387,34.217371570986906,-114.30599887433813,302537.6906137868
5.3327385961825975,31.062153463719557,5.273152168686493,1.8568767043332273,1061.30250935662,3.0559861592996604,40.10150324831557,-115.9011841429429,350510.2612334471
15.568357347981802,32.27787592925633,7.7683385263311875,0.746512343723575,385.94846634961306,1.9594967481437053,38.59650192573322,-116.48846296354421,758845.1391449841
7.558515602667794,33.52210059169271,5.5808328233438536,0.7907881161589189,401.64849545525834,2.3905036670378528,38.855040596725935,-116.39612617819496,357383.2555292517
3.6854251079074154,13.343126079024739,3.831461101352648,0.7517088913425035,145.48997739867116,1.4857008530670552,40.40649741671641,-120.10939290381347,161026.98252741515
9.214039498518348,37.41668889228446,7.479349101814508,1.3898367114892491,1679.5102148038827,3.1222044464852883,37.95132865729493,-116.48379449155186,468892.3311285607
3.5083813462094917,5.660965802920597,4.944024742612975,1.279394181678576,452.1425129843231,5.092898530824486,36.92703338635362,-120.13229791397042,242724.17800152782
1.3193316450904435,11.162787159806841,6.505727035711845,1.0365849230334174,797.9917394388655,1.7357299842509657,38.548089835907916,-115.01293170425207,163125.49010370966
2.447698544423811,45.75097237937858,4.39743751699512,0.7327923753444141,236.04868388354052,2.200454911017237,35.33059557510441,-122.2277761669353,163469.11612484092
1.4586696874706082,38.67488068705489,4.035363540455384,1.1369507166559698,1028.5935161114078,3.8623396362040596,34.234672745327444,-121.07652575784849,178158.3313102068
3.629489154462105,1.7010232545786077,5.576753283389962,0.5,310.461146613672,5.507139600810688,38.35758446167684,-118.48662457300924,217645.0518291137
4.5314910140490845,13.66718927885981,5.426940151441739,1.1573706267429973,577.2591379765237,1.4239078429919798,34.72155950631204,-120.80788964112728,332358.1498229435
12.254122210507562,11.934730632651393,6.407636774270349,1.4486097544351737,1600.1074004224845,2.7610405824260527,33.259193538792765,-119.75762754704726,732614.4477376041
5.452948242085003,14.811122729885602,4.835843918049541,0.5995203453465289,1466.6839455600677,3.4610271568657316,32.50526475355991,-119.07577310601405,365941.5425714402
3.9296080289042443,13.625548284274206,1.5436444540821657,0.5,650.6487405121785,2.8547144045895503,38.27903431330064,-115.43646651186492,269075.1413896049
7.371663172924411,4.188841082885133,4.491174844464384,1.7317751566779438,113.50750604538808,1.0,35.94041344306225,-118.76807746391307,429875.70259194996
1.1892451933763828,24.405966346437836,7.067018781002013,0.8552961441981661,13264.022451800332,3.8595284185549352,39.646954221397834,-120.3754015138544,131226.89661868408
5.162230403623549,38.36940721409442,4.775510233589477,1.554379138377529,3811.808282183572,6.421605572089545,36.06417578397448,-121.52263835964884,235959.03779628704
7.117233640818044,31.94331796058926,4.88259485471945,1.0384009339208675,1370.14907242044,3.184613321670039,37.11703275826315,-119.91324021207802,335735.0915797204
1.8456808845550485,35.31645509850207,7.471390662402468,1.035218073223469,313.1856727720809,1.7939985822315379,36.367307241746154,-118.8426389558563,176899.71181322078
8.901790407819464,5.1386081053481965,3.9048562227562624,1.2753650797986582,593.7200062586825,2.3243405788659564,38.68046051553879,-116.53885142796764,455133.0104626543
5.490931122425716,49.526026219016146,2.1601132416899107,0.7464004573014238,386.28659583550683,7.278731000002361,35.8833220391422,-122.78951223827661,245356.36467434542
3.493231544095003,43.76308352599427,5.062674648996462,1.1529988573982584,2353.9638693813763,4.734997839856739,41.65579267445193,-121.78390811760849,136883.70688597418
6.551336795004048,42.0596062432788,4.383234702377653,0.947404234070363,864.8039993000544,4.1371755023487555,41.393396372686034,-120.20345984131326,315686.6745178668
17.50375999455287,42.97217405713014,3.3708827285181666,0.5718026226379874,303.63798155725823,3.5901941857201667,40.55626507524417,-120.39601594880486,776306.4661469518
4.998409456041656,48.56823591477083,5.03170524261275,1.2349928298905597,415.40124181241003,2.158538654529089,41.24285257044111,-120.08251912394789,210132.1103862348
5.201423571028115,28.756952271798582,6.432161859218246,0.9946768772488336,2040.9856717405755,2.717505624303849,36.76682704036421,-116.06478735359676,338724.73794528865
3.4020679260381415,11.21438291124892,5.380494020707587,1.037190068622117,3294.790444281309,2.889370424390498,37.59608876950018,-120.75845597037826,197566.63471735432
2.6914857870395332,32.4559640004796,6.0446602526410995,0.6159356226343369,3066.6209403003973,3.954235006187658,39.54987962930332,-118.98101819597335,142916.58923779696
7.375778750404904,38.88695617706489,9.20815616688239,1.7365601471051217,1418.041630201066,6.388244133459989,39.11338628691614,-117.76092967142104,363128.50539269636
2.6814285792357535,38.633787061055294,4.679954390729116,1.4506856745544465,516.6548919428003,5.254942531989733,40.96144665825197,-121.67821449816395,116143.46766724205
4.678323140125804,27.593900232510887,5.984532132753807,1.4856623536687916,26.01013252675803,1.4774355111976287,39.3051447589386,-116.8130461285246,272944.26438447164
3.3649245200074187,4.49139468601248,4.330651938541818,0.9778221190233273,895.3010440709191,3.3601898805624524,41.979904728170375,-118.5288868026172,206738.9629420329
5.973827805838204,19.92675985993652,3.6226445882373572,0.5,663.9263609588321,4.342202346811876,35.81080509840012,-119.53218836968622,301404.3700981547
5.475027306464179,47.959097031631224,4.171693927822684,1.8811669529958044,765.0812951277704,4.0936220504960295,40.41347855127447,-115.90215973261687,271047.83841850085
8.352191558778273,30.806894397628728,4.394606999804454,1.075560996797653,701.9746884475237,2.1932470528879455,39.12753081691031,-121.56504740814817,457358.75533763313
3.300223391869427,28.454929106041384,6.154899174848964,0.8004800815919786,176.57360908109376,12.897772317433363,39.06817122954268,-115.16824029385677,182476.2019092934
3.8116990660371344,14.71152923349187,10.333059152071591,1.2667206297932456,1161.431478911431,1.5863848033300645,35.59543815102749,-118.38951264633296,316718.65561563044
2.491143321941096,19.790894915745525,3.8963087838207358,1.566848315201319,1251.6479399980817,1.7478837608750144,39.96321702801871,-117.90825120620342,124832.88754680447
3.432964054888828,46.66265054681163,4.525086858207529,1.0907797775658137,1315.982458066422,3.376357753070654,41.05357221230219,-115.24941035831057,158132.70400549943
5.620273318043708,34.98961542386862,5.267441672466379,1.6114300671757498,1713.98612422461,8.65728815519008,34.576210384445346,-115.82417312150665,412496.58042142633
7.05822194042292,41.15673836436898,6.231177582290469,1.5331999754067476,1216.8874959042676,1.9776367567403326,38.44221995260869,-117.984379311781,396907.6393785118
2.5771929570660044,24.17161657645041,5.953456705105049,0.6694475250391767,441.408428453882,2.630268197369308,36.22528087647636,-116.46812296151826,237186.73476574375
7.5516308915794115,33.142608192264056,8.096601167291047,0.8304839577362095,619.6551738345256,5.148198442617016,41.90070713330133,-119.66680509767103,317547.88660094794
10.10856126993431,13.667564045903584,1.0,1.483014865311907,728.5999873798568,2.9774550410089318,37.048911750400976,-118.52622246500253,521084.6309194825
5.743454978780471,36.9785023444578,1.0,0.5,740.77686204721,2.54135670113053,34.669041651070955,-123.37929863291488,328001.9222731449
13.819456458968286,22.807668018870203,4.358655838778687,1.0402177227340046,1804.8227309999327,3.9861125229910965,36.12764743960741,-123.10142081999953,705523.7917749647
2.817152098566068,23.569821255552025,7.704330393841788,0.5276675193501313,1266.0647579592362,3.4427101486425595,38.711464703257946,-115.70574595813667,252159.8992964998
2.1238005118901073,34.115438553420965,2.112139133628248,0.9093784794265902,5309.980487559223,5.028991126983897,33.22284902782098,-123.40328344317503,116538.42023930457
1.541518316694874,48.75031169491526,1.0,0.9804719643883184,6041.870810962896,5.730108377133482,38.23421824210176,-122.30600874367393,63937.85693358843
10.997044852067607,4.264323677039667,6.599476753060339,0.956702248836997,720.2868839740303,3.5025859200885683,41.34663521219953,-116.04167341049559,586557.4517526785
6.6367301427343515,43.06190510469739,5.911680169775701,0.8790954991549567,14.344182388530541,3.4759449242104985,40.57844648274958,-123.98854049371744,237304.5211608698
4.334686101969248,15.911538631021848,3.1105623457211977,0.6611425401484745,2291.2034124263264,3.3436248106078095,33.142898598250845,-121.17595671154136,257197.90499125683
5.301454282225072,23.639892179825267,3.3303668384860474,2.0167645067274744,387.4642788816238,3.8365183603400164,41.93720384802115,-118.15961342173378,276000.24233926315
2.281211294980806,2.1175797675254566,3.363538188767184,1.8469848016645405,298.42423400007937,3.088190494631088,39.13790577518685,-118.04550068530703,187501.95093207713
19.44230161330275,16.353349969549967,5.632124166695275,0.6351736718974869,446.55149544519753,3.003252172009773,34.04166783098322,-116.22847091770527,800000.0
4.842991988541894,26.634193374136654,4.0847379200156855,1.732846700521427,425.53915000164477,5.464723689946022,32.61795284710952,-118.94073745507829,357810.58505973895
4.7857218805877615,3.8649799447193898,6.437534229848591,0.940213803810859,1226.929284376882,6.411274558059222,34.12718504477544,-118.9059813046903,343776.4758184816
6.927229670561799,26.045882198541424,1.0,1.1516749893326843,139.8491331041158,1.4137185857426433,40.46267124651452,-116.746894244593,362364.2980420787
5.981106229362401,48.28264207177979,3.600611083231622,1.0746904160412338,226.39454560959356,3.01925639990176,32.70557358697906,-119.01375536733717,357143.0130661015
5.1260245363015455,6.375054123498066,3.0352866820867948,0.8361005434984137,937.4454356687346,2.129000845992468,34.71489938437182,-117.91508913436382,360834.8671975921
2.789089857693442,39.98647713185072,4.861684575417767,1.4935409374424589,1240.0959447613016,2.5715639810637385,39.694403155681314,-115.02225931744948,221498.54051722755
5.946965052896998,21.893223722175623,4.27009970717071,1.1503546122306632,1263.3745635560458,3.6739159327683604,38.06805009103228,-119.98548992387629,308565.2968312687
13.862879078136274,34.41385944074124,7.07547193778111,0.9093794307123035,302.76705700177143,4.198465854283121,39.93598924842182,-120.14874929080777,666741.7178128359
10.046778417996578,14.272066497246698,1.4953927795138795,0.578164222479811,250.0683675644221,2.840376966916351,39.58842978635448,-123.96451008135229,418178.1199243729
11.657059661214232,9.134105389609273,5.49553210029458,0.7425619945123518,400.7609705701665,1.1541104021745083,32.980713177657144,-117.86573738478768,727357.2689060582
3.297849515706127,9.183593327832549,6.572506488744581,0.5,845.4531470246349,1.854244266811345,40.97885848139444,-123.70228092592868,161856.04328844638
2.47499186177827,4.595089227800377,9.298959616780106,1.1048894193660679,2937.9794709105036,4.703231544440787,34.656802425681555,-118.95851510271683,230148.59178181167
4.155895164988877,10.467981949963393,4.3882914607037025,0.6213337630862417,85.8466713926736,1.0,37.75722818218276,-115.95766210967773,267664.8106552899
4.63406729248488,34.87518863443738,6.081363069140286,0.9937757949925836,533.3998033321063,5.43964377311782,38.6207374870139,-118.50078929480337,271775.36091003934
8.640970570733709,45.96622120401891,1.6118881356190338,1.6480407414441485,175.44429041400485,3.8985901794091964,34.10196800340841,-121.30363834783324,466007.11195751163
1.6233975759834143,42.520409965149256,1.0,1.5797198291686343,127.45423036822437,5.801334868219489,41.77419693865926,-116.1383157855063,50000.0
11.220362317397868,35.941849803598686,7.17402618914157,1.0870892423589529,1749.2749125040268,2.7202272008928774,37.13748158282944,-121.30282995917462,631534.288712482
4.0763226097923,6.6320250339662365,5.388323383339052,1.06516610954274,1146.6782627359723,1.0717547816153588,33.04760560817524,-116.66968219054101,355341.36164477427
3.4690173105056012,15.748559761093441,7.874876648576688,1.8519498197684032,1042.558967838626,3.7254264211389483,41.40398942538948,-117.89741544809769,230020.71551702905
2.4418046457518106,16.800150641445917,2.515853933163527,1.3083024481434846,1670.746547131062,5.682132270471854,38.069544510336044,-122.30003703251998,122411.0516931057
1.660445594684973,13.747804266278683,6.491794493010381,0.9688774160493909,411.69430806370775,4.770069632283558,39.14233538082308,-114.94866125155815,172750.75111310845
7.344137312484663,27.26528864519588,9.324517465142092,0.5295927531518193,431.54098285730424,2.1568617209937355,37.489170004375126,-121.99356317042805,410712.0497436195
4.683242820367877,28.3132445588633,6.2813817775502585,1.2575492872658973,5917.86260790087,3.1373564101812024,40.43001057038119,-114.1041292585933,325969.0077847393
2.0668453517205134,19.20118473372662,5.980821161741202,1.431729509033145,519.7921113323333,2.301547828739195,32.814767890835505,-123.9268951134506,194919.14104703988
2.060508375877603,19.043247095558236,5.417967769731135,0.8473393901945425,1387.3241697059316,1.9944468982254047,35.0495944701329,-121.36516622857097,208056.69791450453
3.663903761225768,43.25633549321015,2.1011489400355847,1.216481102055213,669.3998341133886,4.843774564997068,36.96165938582558,-122.00139702725801,168958.8547852998
12.199718957137128,41.25393526430397,8.246703164991732,0.9545706820339884,104.7672758642025,1.6507567916532218,33.22773435498024,-123.86006589829537,661637.6167872364
3.835290528984919,16.697587415718026,4.1171989564093625,1.026387040320399,86.08808327301783,1.9214724337562168,39.206113358603254,-116.67632099852685,219410.91582783216
1.8186859378265008,47.60321063753622,6.459414838404336,0.5,372.790194463257,1.7297678059081303,36.23980243352859,-117.06574197900403,225617.55911504553
3.867290611805743,49.59356586712781,2.117627956200368,1.011287438513546,1912.375090995482,1.4260041587331034,35.090345907547366,-116.07649035645069,243185.8148073508
3.8051897480486616,17.66386964353208,2.9231347045336613,1.4877477209632217,1463.0691365995647,3.232342627168068,32.53209904467992,-121.43301453535435,260490.96544835524
0.8885787651266209,19.0756723884458,8.413683538366694,0.8474389777733768,1659.1773134966593,5.369589832082943,39.33838796162456,-119.5566483291703,99686.25250066028
4.338041938618649,26.7873418245199,4.67066519318853,1.1210105472861267,247.8822465391288,2.7389143571815753,40.42118843429219,-117.40886478378452,232023.0736875472
3.9018050596771365,48.99716143921735,8.451878499689343,0.7976197173232319,3347.1766891486473,1.4149951446094733,36.25288508897424,-119.60231496111857,300274.4218561975
6.805450388753177,45.69229109025789,5.235715615977113,1.2441766705171093,253.43482764335488,4.572098408505657,37.86007078181697,-117.02674229682084,367534.0309525942
13.590535848012316,6.230966091763079,1.5320146767884997,1.0133907209855306,822.8915340963246,6.978617819365444,34.66302294633118,-117.66026591559557,740358.2273063778
8.81045441196547,21.02926790684223,7.273341959436614,0.7243033837271973,658.2914129396203,2.174674151525667,38.410877639661265,-122.85352196977823,425305.5677878749
3.813955294418576,29.221930677238365,4.161226132713224,1.6330205870660512,558.9869791020973,2.3648695613062096,32.61530585399441,-116.18956878923032,323393.32682450966
2.3073148706103037,26.65975610012854,6.867246508385792,1.4715728054128863,2536.6310929766955,3.8877489538936523,37.14211702243821,-116.79323640907482,186449.1411115697
20.98936502258837,10.887016464781526,5.4529428218341724,0.8580372944287302,328.6158632951556,6.759418555749695,38.61995207748657,-117.44165612382595,800000.0
4.64379100878793,44.79965532957589,2.1594517213199724,1.2991153237671111,172.49957009890903,2.3165590744285582,41.222821845682475,-122.44906393728998,178151.83882213035
4.519302081379627,35.52397993283871,5.745019007278195,1.3149648011281525,678.5753223835953,1.5430718069037597,36.1226902626617,-121.32003551204636,274253.11174391257
4.417283647290436,43.73332711744198,10.012068598520878,1.3569204940044706,445.9350286400942,4.119407338503276,39.769306928319786,-120.06822968412399,298526.15572428214
5.0472869255764135,44.79697824682308,6.435271562880365,0.5,19484.662937937526,4.47960125359271,38.178026784463256,-121.20070378343557,251400.58345709508
4.109838580197045,39.166148536952726,5.279212718688528,1.5026426164130513,1308.330893152087,3.0133901035060946,41.30661507278826,-121.72189709323868,202694.090388552
3.1765725334973562,23.399740663735585,7.658221144109486,0.8721204148297075,441.71259135868286,2.272620043669302,36.28458791876459,-115.94642329838224,255638.56390490435
3.228070645062571,32.13788450578665,5.842403776926533,0.9568688266234933,231.33998633836896,4.939130805899607,35.53140572879339,-117.61767753639798,253178.34154074258
4.394474858468744,9.178635712106901,5.840021883551868,2.15515270090408,101.46476439877522,3.9118797082462105,40.927848987594366,-118.3452786844975,210382.90954490058
3.2347289486577884,35.35591629122029,3.1075871384658846,1.2207493522884048,238.59818774414447,2.045786355597711,32.96782181337875,-121.74047289146746,213195.0233034374
2.92207076312133,10.141916042703318,5.891080854158157,0.9454710098211299,746.1612814119057,3.0788229524620014,33.79566123286993,-114.81923437731359,293748.3031148535
4.77721689126797,36.391429116017996,7.574431174475585,0.5,2772.011895467476,1.5282850646634527,33.282842128548424,-122.08816960902683,387129.6523557605
3.845923166844411,12.709506198452402,3.6442694805899487,1.6559056535785424,2042.0084613780061,4.233145053342408,40.50954458747582,-116.05049067175322,227672.1657835222
11.049617291931204,6.995116307661219,8.39144122461859,0.5619161316765591,836.3898495880582,2.635000087785676,32.60077052201803,-114.33327333294707,752726.3660648734
0.9133995370848244,9.42950899729083,5.207417349295236,0.6986244386001987,481.4644199377148,2.4160756310076725,40.685742977221956,-116.72907270775764,111347.53793351352
8.6270629001956,1.1015988961725838,3.535684025769065,0.9674590803648604,870.2777002552009,2.955189440973847,36.787044056027035,-114.0714122481537,497458.58095214446
9.465476393363497,37.655720510530045,7.4950273615325145,1.6665647166801172,395.97932587902324,3.065325766359812,32.538240149112724,-117.48948883022054,629688.7222861769
1.2917086289713988,38.35245350197734,4.797732104949635,1.4092959946663037,3708.4304091198146,4.699541876042658,36.315629183514396,-121.82539656396105,121953.69871253477
3.648760217848302,27.261600845576233,6.994981263720827,1.036864996063896,550.4905659213211,4.037175305653716,34.27460798992784,-121.96180506283488,244140.34937489638
3.586351822574962,9.229502853824568,4.787306872257072,1.2233168254555284,610.1239551898747,2.778178120712236,38.431804630985546,-120.75435715744524,229635.6321555013
1.9260918142104022,5.261271213045177,5.274365098587203,0.8598457228515578,72.54286111559911,4.401010065232931,38.953908504255644,-123.92869979778995,101381.04369532874
2.8103526886519683,1.9755772883016376,6.4364764291020125,1.1558614758261405,547.0636477298931,3.670649518209361,37.1315119188475,-117.18301529917166,179244.65391869363
2.3017149895777234,9.453157025226256,6.0108838209390125,1.1293346979112548,1535.3046938800003,2.427107409534772,32.88493549167686,-121.31332215372173,258609.7360053645
12.824562354308261,46.43363228414049,1.2093832610513493,1.4875079582725415,228.6694298693365,2.8225505340409933,38.733223641488415,-115.84816767707247,652359.9008429066
7.85701714159468,13.31837892678577,3.0453881458017777,1.48687124897558,313.96441941010653,2.7895730503600853,40.499368444252454,-120.408273494407,424780.61953718454
9.61123817463516,19.067837688077997,7.351760968060713,1.297590952882258,1469.5492759160136,3.8675865096794264,39.34308063460082,-119.20043506536688,513126.9898577037
6.910232184367115,6.372619708547992,5.122513163306751,0.9550609769815592,151.9182848295272,2.5004949509013734,40.38460023007553,-114.34311083439631,390430.9667374433
2.276340107617674,12.340426542156685,4.300164264180014,1.3967289177560507,1915.628425940035,2.4714262343004205,34.40484047373343,-121.57827876952723,218817.4939625944
3.2716283922243585,27.48045310979046,2.5469945679593042,1.0632126135187814,390.66722467894334,8.039594565292692,40.94443542673658,-116.7874590257026,185601.93757610462
6.01120204921352,31.99538683787828,3.1325537253207187,0.6672342525147469,450.9839627279037,4.806012512722164,35.56083778115565,-116.44882210694583,411976.5963247268
2.1527009610657433,13.512968022476764,1.1542228560799108,0.9386848832356246,216.18220523885864,2.0538162908172444,32.62734573539392,-121.79001842476364,182000.2682980782
6.8743635045023,3.9443401204809776,5.187310490726781,1.1338107935137298,970.7279562807727,3.9967059005363823,40.51222064012617,-118.99003163387805,349848.2839370018
3.879882078775326,20.94267632549733,4.1432810807798015,1.4640863134658981,7784.36088366242,3.187302771070548,41.447302055164904,-120.49798074687031,160889.89248547063
3.579086196551418,12.944371917243041,3.3701654289308385,1.0265887311371389,1453.162128813342,3.653828739843185,38.72780287546481,-116.28093756599911,247729.2576662949
6.865960767009449,12.197250084719899,5.2569408071472985,0.6163205155041576,280.25915762865844,3.217712367781757,34.69864798940253,-117.77516680970963,386239.03842946596
5.8506805446216035,49.95300293838622,6.164338324790751,1.1226966733187278,2070.655671230174,5.445672860388243,34.89157241068404,-119.24016945139454,377944.20770245255
3.608962375822192,32.43132478221193,9.795715657640883,1.1453824160226211,484.5983745008656,3.570873245010272,36.932632297638385,-116.20636734952282,314633.27733511943
8.985371643306353,29.40080060177689,2.225044818917252,1.1743350515611013,2629.331686880017,2.9123364152971773,41.02939525621348,-121.64844429991582,406716.4815532067
2.3428356300572895,22.20453027968942,7.8347001909310965,1.4679486063817722,1490.216070470117,5.05862794032834,33.921177733401805,-116.46378119415641,263209.43066017935
6.4854510240753775,22.87616100493736,7.443513278131651,1.5075692960359595,35.05290299793376,3.3758343903654433,40.34674986104312,-115.34625687907176,424886.1126957212
6.397202303929295,28.586155195742123,3.763905247308929,0.8623156510473334,243.6957124807624,3.192292432760367,35.26737668269893,-115.21378403192428,431356.40227416204
3.722040861053227,36.51792015884147,5.826795504630666,0.8535426167804228,1710.2335563575728,3.514900793971211,40.18156860957643,-116.16326406980396,211605.2887084864
5.450349926685488,36.8094509052733,4.438970176391008,0.6839205156178108,774.0661013042328,2.8667973143233594,41.24257637721462,-119.91985833001732,237827.2360587249
2.1155860243060984,9.756389292977929,5.789946018879352,1.3795262681121907,238.94754534329243,3.018057753459557,36.56119178394604,-114.18191977282173,205008.69734557613
7.802281660714359,26.505750355907974,8.569175128149556,1.6795280433350863,352.97967751824325,2.2403961560717764,35.96798121400254,-120.2040635617756,478972.22903220565
4.011072725489276,22.0098628467392,6.671773088525757,0.9739672288364307,98.86580048722588,2.0635264541932683,40.12110253022737,-117.61374600897574,220309.5804975411
3.2751582472425693,45.396875279738595,6.468077583790229,1.0034277741100028,608.8833540335269,1.8234217288398822,37.53008738260424,-122.38925821930532,229984.6889316556
8.40986595842851,33.2023649821372,4.496350428095251,1.6867130227595906,6067.425906660465,1.49781646356109,39.00226596040037,-114.19551101363608,507418.05928876624
2.9370150770044376,28.157707387215073,2.2834810036588964,1.3022231412860032,1487.62086921285,1.9350657772362359,38.4168777511312,-116.96014078135337,163495.32813623967
1.9249947148083302,6.885126751124786,4.962216757865144,1.2744942819204221,5945.66107357014,2.753482523718002,33.95244403362557,-116.46622454753631,225893.90446099662
1.761247730903663,31.887532355493985,7.933877125214222,0.6236333976105093,1607.4383273208,3.1631197120078576,40.52550842275083,-123.34223296588856,100748.70421936203
6.446942392952847,6.977399189691905,2.1929475011617403,1.3714912277117677,1858.4151681303415,2.6230866064409635,34.35986355842479,-116.36582185779328,435572.5855286495
2.0786993559833395,18.197535353853354,3.1843123268289406,0.7283454637960968,4789.008559877814,1.0,41.356680368672414,-116.25276570779398,184895.21313883062
12.843996570181744,8.284940205530926,5.665162246091543,0.6463919256260169,969.9681727316171,6.601475461900768,34.8804272685104,-117.2822727363777,647966.1662392392
1.2851074779400193,36.29575599824281,3.332224951820749,0.9612913692933152,551.5721628702438,5.171899666943227,39.471869246100546,-121.08090386209656,54968.97574613624
12.40219931471826,11.518857805643783,3.7357007610580535,0.865682910620524,1868.0633222257,3.754217691177321,35.20422623818912,-119.10309957839118,643706.480922223
5.0866043204538265,20.984828032589327,4.510442978370828,1.0113601222459843,2846.4851661607254,7.797049058482026,35.51896138157521,-122.89565628691284,235684.29453484635
4.229027803175764,46.67941365855771,2.5322034512006866,0.5236073461900326,411.59314828679163,1.8428585783435916,35.4450176014319,-119.28412933540848,243529.04970863278
3.231830024720457,11.420135553347485,3.354344122945627,1.483526522587069,323.2515839314678,7.719986075265728,39.60497641324779,-121.56176147399596,164476.33767309185
5.694391075956575,26.898058261897734,6.877198625253349,1.5510745178065717,764.2202495951767,1.854088056858981,37.78974362070923,-120.50903013505918,322344.362504376
4.381622889791079,22.382854719467122,2.654523457314976,0.5,1527.6698306060896,3.385050965896352,40.88804833055122,-122.37399591596301,137075.4550891546
8.688333330361518,1.9243260933322164,2.044468517560841,1.4913831222666203,1477.4768025179906,1.5889625792972817,35.420040832438424,-121.69945632253103,545188.0375929851
4.799619237263126,41.43066379221345,4.0769475429788224,0.7757885480713496,160.10540823888223,3.0263190552797017,39.073928959539074,-123.23431358179884,228027.8367459912
4.904636866174999,4.521341222044586,6.9371065552706765,1.4427902147931144,4498.980376404244,3.644004626430739,39.65301169679955,-114.80098633563078,328119.6197862853
3.603237232593065,25.187006069824633,4.986464203206532,1.0726214029334338,350.31581303891846,2.7805669185071773,33.9390800737846,-118.69589312024597,247328.28856251194
4.331147964797007,29.594593041886448,4.424379735957202,1.1115102256323994,510.26745157373585,4.2927979452768685,36.30559889453821,-120.03258028737261,270514.36177244794
5.390731345485281,33.04974928734394,5.493153474782775,1.0259609402315126,269.7095502100787,3.1566370137540187,37.08676619632891,-118.64970787231216,317368.0818044768
1.606244690942339,36.120213094701654,1.734014390994731,1.5848516816933946,9880.603144937675,2.313571965882876,35.87903020399656,-117.71706771518447,88211.69722446703
1.995887366597257,13.916891559658469,6.438881872927569,0.6041647949899888,847.3134273402828,2.2627781790467725,35.56006966170681,-114.78121206630651,206501.01049196126
7.000338159675944,1.508917609580918,6.205213565947653,1.3431361354940035,284.01439381339765,4.506211986592208,39.0209889929776,-122.21307047713687,384275.1797458238
4.965526145985996,37.895626780100514,4.540452204398986,1.5405320659558202,1578.0158567020248,2.1665347138881184,34.55073077776514,-121.04447501364783,365680.836730496
4.013284559492695,28.31848656672651,7.5124414747724755,1.3865360322161644,1435.3094927219329,4.7478955854826035,39.239212079885725,-114.24210663655886,294501.9710357318
4.531533303595579,43.64200286356969,3.032258192198619,2.029879565729367,551.296609969958,5.53646326134705,41.38291986571194,-120.28807013351475,219939.57187570375
5.5209449002261906,42.89080650793541,7.768608885832496,0.8884212949101206,1541.6471670268127,1.3042694411735378,37.869376451188636,-123.77438349242672,291932.93540817656
3.241850120944507,44.00963455718204,5.724436697750027,1.4829219290374125,291.4032477899991,5.293412874202357,38.308625249025006,-122.52356507362842,167305.28472555944
2.809529874101909,25.739827658956546,4.693239561255837,1.057563745863432,406.295905352419,8.416645474949858,33.15486067017885,-123.73661298251449,226833.04949662663
5.040509423459201,18.015048187680147,5.358265365726546,1.5933624305410679,89.10213940196856,3.407578359813278,40.71253058436937,-114.10076857579271,354985.5908648065
2.491727720280321,41.36946833215987,5.174743991797023,1.0969244017114523,176.98215632705566,4.053343486044183,35.211753978398725,-121.21129151008778,223482.45570525987
5.725624654408998,24.015999764492,7.962594082477207,0.9448496872550123,4054.695234089733,5.045529795088067,38.34298607252137,-114.76457243063774,339985.96826380934
1.613571164902007,10.35555201657516,3.138973832310872,1.6224288815486516,3433.820015950504,2.617602552119881,41.80156561257562,-114.04113724240284,124735.25741484252
8.310280662757382,44.60367499763519,3.798709597792144,0.903375224392428,710.3719091876015,3.2908309845294474,38.15727470544167,-118.00158778856886,434603.7179144513
5.95099533909002,46.01055371538971,7.576236073352208,0.5349096964397776,3508.4563983783883,1.5572169711343429,39.38474013091159,-123.66803684934439,286976.2358038507
5.22585196775487,24.781797563148675,4.149376636113896,0.8932612467304687,566.7540942190876,3.219794424725263,36.730536373125645,-123.18408369613073,287704.68983804446
8.081799760513123,4.860686092799161,7.291119462396343,1.347613178635413,521.4376443181721,3.8537858308081696,33.07347551339304,-119.18410944892122,538280.9669814192
12.173782532981525,20.779130585763493,8.968815564318291,1.6568155006348366,703.8115590091666,3.888725665186761,40.07719382015299,-119.93827987088514,643166.7239600101
8.236883357095289,41.98042063259277,4.55623044342257,1.144451750118605,587.0314551487268,5.117737064699519,32.83248899200786,-117.93822694218233,539846.5942313664
1.4850901258201226,46.99047545585766,6.830860885808142,1.6272788268936103,536.3589803958303,2.039284295851801,39.156249374434616,-119.61152190288637,111212.45127483504
2.079762740123153,11.377109867377388,2.9772462091862977,0.5567300314089626,2086.823030054624,2.3018119604393696,32.71775494492155,-114.65923150728516,210005.39582150616
3.080552159190652,4.415654213288848,6.9849399259424,0.9226946140728389,772.8891638969092,7.750471443974506,40.691899747478374,-118.65260284586489,198268.54321632456
4.552400289991999,45.74487310977477,5.818790370572211,0.9845699531383596,1356.2539970713435,2.786637893617022,33.99754234041332,-117.06273938537558,388217.8935460588
6.114086751017094,20.85965188792264,6.393380392536452,1.0541762290109922,1865.6793440156364,3.320173012124041,37.385579206704236,-115.03514727357503,378673.1974880546
2.8995446635854374,28.629809177645726,4.044298648725671,1.1336377553000787,980.6207560283757,2.905178921071075,38.1729316925899,-122.53128124166793,178083.43676660335
5.013127935422141,50.3713564145887,1.9117248273089378,1.3763643829568772,252.07550712814162,1.9920406923643081,36.84668137004741,-121.70265345881471,270813.72509117326
2.8484364810088696,4.394801123625365,6.456829335973961,0.922077264731804,171.93802825319042,6.765015855982204,35.73725314881443,-122.92681339525986,206823.54467591777
3.1052347556281843,34.06421838005687,1.0668533797931454,1.1556114747812503,771.8425935014478,2.3074644801063244,36.94423581371923,-122.60361600770088,156363.8722163397
1.9270750628501114,4.7793765513182205,4.733563966290677,1.0819508438703793,560.452052768436,1.7097672294948225,35.45844966187101,-118.87416033065767,168870.3448350816
2.575542141474053,20.14891535179152,7.376481919481937,0.7296440384435401,725.8848757619885,2.3979875418067995,36.662162297268196,-120.78820741032536,138941.3623984332
1.9917013767015843,41.99454180486578,5.802985245333376,1.054533324367426,654.5486805105488,1.1042286082816943,35.90967341448129,-119.76827160473245,145322.71217540442
2.495467404705772,23.107083870537355,9.491519554058609,1.0425361880411528,8809.391613299638,2.1691952961461816,37.87894582331788,-114.17510168205938,246509.77401088085
8.433274054792763,51.85630004905047,7.552729220421725,1.0339677739987816,175.87504026203226,1.8513881351983068,34.76027954132734,-122.43295652204051,500772.52574935695
2.5354234555460713,29.51202353227671,4.02681338451629,1.1127037826325803,90.92670388734665,4.090692681372163,41.892237271683115,-118.59187929201924,120744.7492985561
21.745987089988095,17.379269784433628,5.457358097688021,1.1302694162453546,927.3924524435428,2.145328913432128,37.25826455713057,-123.01128844946349,800000.0
6.025441414608759,12.22567762114241,5.300521524656685,0.9270819283570679,456.49486229341215,4.68282690822366,34.34453973543784,-120.81503686736121,344003.3812966587
5.007324168025014,18.876547248594253,2.077428796973133,1.6090858935885062,912.3903097427699,6.045063548202509,37.03213412088909,-118.72474076325402,295896.19296658924
2.6777726062732445,19.99919696173709,3.425162275382858,0.6322077483187933,1192.590394355276,4.439703825025293,40.73094373048583,-114.53368254034662,216292.28543372964
6.822226791942749,4.5043975639220095,4.222402095342294,0.8116119566120416,2402.114560210415,2.697447230456091,32.70716453468176,-120.08771778716518,465150.23686935415
3.1728089646763857,19.84828417076543,1.1239369440025335,2.2119854496894225,147.3446174665193,3.2237885889677806,38.955764131519246,-123.3509330378533,152080.24822186836
4.822082500439911,24.67616450670047,5.499736283328451,0.6848034580043081,381.1839633916251,1.40145016117101,37.70569406954232,-120.11838552039683,242765.37466038964
20.822845450929048,37.85962536417904,4.876949126228615,0.5584981301160966,1021.2281584601318,2.8097915911352667,34.110800946516285,-122.54258824126022,800000.0
4.230685599417766,34.49320372080201,1.8869228072456945,1.3937906980004873,1437.216586027374,1.9538089322662544,40.266026173396746,-121.70010386708555,239994.18762381023
8.931318173164538,37.147048416686864,6.248847017082397,0.5,5963.718949566386,4.251038009202607,36.00440391255305,-117.8190937683501,535626.3733531315
2.939072763157026,1.426547775719712,6.903332763851015,1.0058904360110246,1729.7012264684176,10.874017136333878,35.29111927374732,-123.32576133796319,153924.99262029774
4.388585237135133,12.101037378607339,5.876772405616267,1.9583299700305954,628.4216787488817,3.857081533062211,40.367189322640556,-119.35276243749962,241982.66455985903
12.967942901346474,34.74589870839268,4.719456832061163,0.5,273.0252405279085,1.1100776030328408,38.56598793882081,-117.90538413989236,661467.9276486281
3.076583614649898,25.683457777167103,6.642028518678895,0.5,378.30855559411225,2.5077474088971297,41.033461294910836,-119.78141607632503,153699.9016530848
13.296078402555779,1.2709872590856433,6.828462757001052,0.5003275192169208,367.71095348124936,3.1939086940898274,38.483895184876395,-123.8087364937627,577181.2556483223
6.852757741614863,42.02922676402294,6.045547496411346,1.4593438273387944,1280.7916323448064,3.138292030593663,39.537767750355094,-114.14480643097134,397662.0457686282
3.197981835576849,40.41328823780721,3.6683142740870025,1.5499106879943252,860.0559502708585,2.0846342854324376,40.44623601446632,-120.32884232659465,131176.831303487
6.549866340663041,28.969377312671696,5.9808616075734795,0.8949644812085966,177.03552686030716,3.3961616631921556,33.020026541144404,-116.21422813066734,424448.3088329003
8.032796065478882,4.389629614589878,7.910509366733506,1.3732849616004277,430.13474966437224,1.6140548958053191,39.87246510925911,-120.74353507812546,418664.64565167116
6.508350061546177,40.09226752616182,4.147078976915367,1.656102131004796,1599.6618680918323,1.8730078950778395,38.33021157757098,-119.24983243006581,338415.751325564
1.7469390952500903,30.76939297429956,9.805672612178107,1.8149385657719304,945.4512766862728,4.149130610298477,33.16032406689433,-120.11536357389004,226106.27064891084
2.897121606206892,40.879958835055916,4.296175038630693,1.0014658875280609,1174.554981879655,1.8079044001704632,37.33149025775279,-120.57460770490393,155781.7382703914
3.8631728151122853,39.33909661218786,5.468054728014287,0.5,975.4722474140244,3.9318332885477414,33.283351740847564,-123.78148622792222,245863.76972985917
4.285940191381385,41.95310566984969,3.987780248386694,0.7716484310361253,3382.704223127328,1.5147768171123746,39.49149841637061,-120.39979062145497,165429.66023282416
6.503908205044757,27.418411386635867,5.8688687554325485,0.929278322025897,842.2215168817648,7.260240404789773,37.69176628202989,-115.1051000960047,396326.0681714333
4.98593326512312,8.156550427869265,1.7413344454659225,0.9964244813686438,452.13336975083377,2.039827078450671,41.55894860541682,-117.09606661406316,162935.73746723923
2.011324348134421,35.22903114236412,4.253312222484886,1.0248562395965122,266.19921548458103,2.686305189905465,34.239786029931814,-122.5457714090456,154934.35626047445
5.630052181626463,32.6441630376505,3.106545479268009,1.5475578391722677,853.7252820113002,3.544179323148234,38.257317798943596,-118.08844995377261,331030.2639118695
6.464666640523872,38.85491254715345,5.684210530573811,1.6097713706750327,57.93351067111452,2.264434420430241,34.51003027841967,-115.07769140051128,399640.80836992624
6.270613951550262,9.6639313085875,7.488339488568705,1.0313305384300868,553.1952416024469,3.2274843040504573,38.33361735491029,-116.99965959035144,409062.1462898533
8.571720194954969,10.94373519491475,6.756612992940559,1.5393939504207275,541.4009544340649,4.005539837246945,39.36517217242814,-122.51315607643303,460476.49229032465
7.391667059916716,46.41088537818575,1.0,1.243064546652436,169.95422674994893,4.856444647829735,39.36189112863062,-115.32167503265504,264697.14868394076
5.9032795212148335,39.24886772105561,9.68834627114855,1.1258023891450288,262.8895971498113,4.462676588549077,40.243202911484794,-120.98455986711134,310806.0840157003
4.296928964009578,47.31965292371647,6.020087875303824,1.4626176628439858,1494.6652237524843,2.7568666638335158,40.60872716560401,-119.45923855687658,136340.2426583938
1.6543752413587327,39.69448137935996,3.7693518049646997,1.1289008192951664,837.743316840464,2.7917931988531532,33.234081399538184,-118.73857240310853,180115.2706281663
5.7994955027200685,31.454920605505396,5.729968629880976,1.923124470839105,736.4109609157381,9.723584041057103,35.76103799218784,-115.49493395621805,364611.77035008866
5.076452101106818,34.360769588421554,5.769998627255655,0.5246355332821764,903.564533798015,4.830473684228484,39.027663943418155,-114.68392504852339,238648.84043442563
5.274834488684762,46.34552412094051,3.9996176944017163,0.893931640363193,729.6956927230242,1.8947524027906362,37.236569730216516,-114.70347122209444,389786.01860022824
2.083295165823822,30.519144480108967,5.815625001418359,1.04939244121842,2305.061330936464,3.1581742191892186,34.31142149417052,-123.92045818721459,177018.93837707248
2.3428451708413505,33.25195754074776,4.124308195997355,1.2757810761831962,752.5212095720601,2.5406715366906756,37.75074091658363,-114.78111514414543,173445.98976076563
8.430800382075326,8.98031251618363,4.550839815350953,1.6071841948412358,154.74628211657213,2.807608021785993,36.37063870127837,-123.45613033998427,478744.4310824885
4.376576981104745,25.16998222592124,3.958813814914323,1.0902405731055373,3395.2407985122795,1.6245850367088697,36.2053636377159,-121.34226343182564,208086.8607194754
6.745667307519615,37.53625270986305,2.3913902915467293,0.5311081401975172,963.2762815006274,2.444983520462597,40.192660315638804,-118.85012145272167,282595.04783944867
4.558488164487592,14.818077614134637,5.706256587452307,1.4370055585820019,368.98141215384936,7.431872803043324,36.37218417140572,-119.20074310995606,218021.5422387487
4.562422277511081,11.314963206751282,6.62912881668431,1.4019835064567858,189.91911703427354,4.012996224382652,32.75131780206403,-117.95290206112608,414037.8885273526
7.8693092108187574,17.005167219445195,6.481255551760382,0.5,988.2287714135792,1.0,33.05160171946537,-119.20553771262995,510173.24410074065
3.2883080535890215,13.316532027634507,7.121843030533992,1.0984783465316803,591.5983814964143,5.519911051215696,40.63431839607039,-114.65624320359579,252650.89480215742
4.747757807929947,11.960544488856188,6.0811144410312234,0.5,3210.3870527387794,5.180050273092873,41.625707695118955,-121.59451151785413,233543.0463546845
3.396124154350883,22.667392986272436,4.281276453744503,0.8341395609991751,470.63964644452665,2.510187239688237,39.03988869632922,-121.25975305961514,202867.8843650106
3.4532031982219586,47.29976420806024,7.163294115305497,0.7388764292148802,287.9017310613624,4.300072022129145,35.96149879395076,-114.79262064306944,284613.7794169296
3.722876886253758,26.860041983674634,2.5492131663319366,1.4237058792967945,1629.1215436277027,1.9548244511383686,41.41670300004991,-123.23260486254743,149895.03624706707
5.120644259046266,10.583939421581475,3.508590096723792,1.1467320696688736,1677.872486392498,2.3747024415447897,38.796629320569494,-117.9043917809519,296515.0523876866
3.36272220831559,4.925555138424578,3.3751798500111865,0.5857635996975891,787.3330652629108,6.355198760140418,40.52116871739371,-117.18264047934389,170822.66171410357
9.520560045141382,36.50396340203419,7.668117724192552,1.4520263851829371,1308.134097353778,2.6225181445550074,39.775596888351586,-118.9445827657026,489388.0399479405
2.620160613268484,20.52273698625578,7.379855879694159,0.5264776704286344,640.5408382502507,1.1795513673490718,36.101823499839625,-117.05768121176862,257670.55754508582
4.006335621754161,42.913378275853326,6.423340997794489,1.2320455161883777,840.389185834651,2.9105684001140326,37.047670908082466,-122.27245353988033,238048.23099355606
3.442374052984525,34.635049200679276,7.651052716944775,0.7743957322833778,2132.373340081558,2.888408919242578,34.268255466496946,-115.4736776722846,266790.8525529548
10.67801260575211,41.6083139776098,3.553506156934825,0.9537291669877921,1243.0438072128477,5.4694840296796094,35.27413395418697,-122.59974310530114,483288.8550855748
5.04265568989711,14.869248010340886,6.13204975170806,1.3017082992153537,561.563895310179,3.025777886806041,39.89219378222196,-119.9918755568425,309307.8595695341
8.323698802756299,36.310305045513964,5.137133700395355,1.3085797596238118,2571.803148116106,2.43320384644317,40.99279472288953,-123.24742398691794,359106.00171859
1.8379738128116179,14.467161219379658,7.17845241815832,1.6347876294223842,62.498629419161425,5.065881056965317,39.38237402088841,-118.547889211826,170275.3756070128
5.260521464227058,48.89249245196487,5.158029111640386,1.067098520131419,5177.477830780458,3.191193919625733,36.919150118238065,-117.30254192574361,285754.13668200356
7.642910433073882,33.45508835820209,4.59161993433883,1.2225803451853363,120.7884785981795,2.064707684432196,33.3218380549276,-114.5877836490471,452983.55957973376
4.708504744274153,17.550101808942447,6.5359078889780795,0.9249050710382702,355.2803425767227,5.352152306412121,33.04100551263526,-116.60663804103999,340685.3999245596
8.493390094498189,14.745104976905905,7.239955251101589,1.1727959530491192,638.4749644795302,3.3096117361713104,36.05609286382211,-118.58897083545848,490758.9753915888
3.2858551245207455,10.73725583865382,3.9964750908217166,1.2757944192034048,574.5110488804953,3.0085642852962815,36.9063063282928,-114.67382982829666,241220.4370103723
10.439622931307158,36.426688903580114,5.271741090160011,1.0606760610182497,1819.6710828445443,3.2836453606659193,38.28664591102632,-119.21563161959124,565545.8819004401
17.802499595837098,12.154496262894293,3.1772746693525296,0.5,230.94125744079028,1.7588598986550301,32.561650453176476,-118.3879434690113,800000.0
3.604910211380636,31.36046656230194,1.0,1.2325883585323583,863.3039385921455,2.307519439652465,41.90236745942991,-118.03901472329905,211945.7991693247
3.430474147886215,14.496386373193225,5.820965225968831,1.245824590942183,373.0781450215959,3.009552211999671,35.95741939233841,-119.90020274113434,262103.79862504164
10.719137403038562,34.7604161844873,6.678701248134727,0.8279306094608196,893.495215086156,2.725544303268439,40.55689930611065,-115.61517309434176,482253.25115410803
11.562224637715099,42.5619261555675,5.950340299082124,0.5862451855709944,623.424545529675,5.675815147669349,37.58218370382134,-122.14824061154941,589103.5414245499
3.2748890272633853,40.67928740037731,1.3059203927158292,1.6903516602015864,729.9205208615756,3.349137755747857,33.73917481806679,-118.45157809628392,185661.0411399752
3.4829788177074907,39.80341787746987,4.663216196839404,1.296578204357761,383.78218593806906,4.606424508151193,40.07687274907796,-116.77766743812806,208090.991430744
3.784558497153004,10.573842690304856,1.0,1.0083675876313163,399.3890681411368,3.018311826639974,39.243357211738825,-114.96023828123423,206120.56102615778
2.000365058951933,5.5076322962104545,8.276372326073789,0.6451868467410051,886.4923659497902,5.094411944574456,37.51064280682767,-115.16081603565722,287057.4433463345
2.5826314786743994,36.64639025285666,3.1192853775520195,0.7712740686314616,1709.0885671874078,3.6647637725176274,37.38825436767091,-118.91259710569858,211083.32168204742
2.453499910204204,19.785707903511916,8.036347579865783,1.6210361587144928,365.66611604439777,3.0243924934250837,33.331056254633815,-117.56838548836659,248957.86695249297
2.8272979312511524,23.049657546570714,7.3863262517367065,1.1550647763472186,279.0057679956197,2.9842798322862403,38.7305650114518,-120.05762263870699,192792.8573593406
4.389384742829019,2.5886037324629445,3.508760259674271,0.8797651731997175,1228.3906360716808,1.8641043321015833,41.156828979665846,-119.318222371198,233615.99600606615
5.1578964906183264,14.23839891302751,3.021151602337736,1.3038756924898625,643.8695264783086,3.870787056234841,33.38582673260291,-114.93734207426951,399316.75903276564
11.362293615524715,2.7174965975976653,6.13577745441131,0.7742407250214706,1526.1418057763503,2.944378127692395,35.00335878116459,-114.69296006807527,669488.1211031999
2.4620333548959117,45.83847440266363,3.6269195219155512,1.7003372121121516,268.86322327505536,2.3373177702944323,41.071925747699936,-115.0458594193298,121898.83532496172
8.089714492883882,13.413230844145055,5.6152177485322365,1.6411202139586902,112.23120508152724,5.223830188448287,35.201267143288035,-122.61629138186362,417708.4922302483
3.941678679918507,29.42419564822341,4.3860620593054715,0.9133703715188894,390.3313204847873,1.6078405205127002,38.7124648857093,-115.49915978669364,260251.1068717623
4.350634837939112,2.987945353717651,1.65956732962217,0.848531901187656,309.09460365471193,2.4320926322175107,37.58077256695987,-114.5163626897852,326198.39281186677
6.718679923614999,35.00921695658856,1.0,0.5,614.7474911018037,5.022156255203087,38.16511224753669,-120.38750305426396,325523.2837303008
2.2850017428077596,17.474394633458786,5.876036921838654,0.5073676913794528,351.8323507026768,3.517538553607241,36.4499945649839,-118.81353710578331,175432.88139898347
5.637528993069764,46.79387853484096,4.2207287327056875,0.5642120900168975,1395.512417716729,2.9331312434772756,35.349918970260255,-116.20904744187004,376838.07770514284
4.952395133593062,46.29402763563583,4.238511384480322,1.1540761363949545,498.62271996856043,3.405874625181148,32.96106778193185,-118.37921862434351,325225.126849894
6.022309107228596,17.589821536449136,6.86131406209695,0.9695065182234562,773.1510977597102,3.2861185147152634,39.57066892329456,-114.0651647829375,402584.05082226254
5.33079928365384,46.949005680213865,7.864228780928134,0.5618658050339035,778.7067714940694,1.4072940215724226,39.58788789084515,-119.44286634843172,376316.14017928625
19.55400420143267,51.80404134843772,4.827656085140201,0.9875343830141772,808.3176338003377,2.5227991460794206,38.87189453074787,-116.86057288792622,800000.0
3.05676146102148,43.09619887032135,4.684742715489291,1.3021348590589394,649.2844364853884,6.741354217750318,38.614520987136395,-116.07408859803456,221341.2395433472
3.258939471622712,44.088438735516675,6.450300369539156,1.311135739966235,1108.3200622166744,2.1604962325699772,34.8153127555915,-119.05899584241561,233111.45134631224
3.0836553157847804,13.699445541563586,2.550435303630892,0.5,300.16876490692545,2.5621570284426163,32.71227687077977,-115.43016194288624,281275.2467750665
3.2114216750012483,30.411822341745573,5.868621414970164,1.0486946078064678,2695.7127689619056,2.2914610296579005,40.18279627041168,-118.53845408792803,195768.33309276964
3.057408689238822,4.4300516123357605,6.558960540826524,0.5466636892113559,525.0337869580684,2.8762644559925863,37.16581608911036,-119.88349203198368,224343.0170416884
9.146853301501686,5.840814777905155,6.828483437677022,1.4606914788561096,179.19074663055625,2.244400806734398,35.41496224167487,-122.92176326148054,578119.4139311442
10.509741077831537,51.94352321369782,1.3328193247448237,1.4136585665413994,802.7741021456006,3.8319382706958347,33.468353114415414,-120.06586423649576,530788.3831761389
3.1821345818280466,17.658601720721457,3.801153933401225,0.7407891094702167,283.9560627462187,3.315660024209182,33.09585511356319,-116.66063545266715,297999.2078959342
2.7198769930378592,39.15737951449117,3.5556471690707205,0.7935819190398401,1293.794347269462,4.422803661493449,35.814233857054184,-114.78713588319893,168022.04186759892
5.946776653353753,42.13991770436764,5.609762604259347,0.9154931798006771,6060.8514715060355,1.776294436071925,40.14500211528593,-121.48320596139689,301438.4319010761
3.21769792398236,44.75918682136869,6.409563617512767,0.5,302.90763027097796,2.5340777358477613,41.22787561867139,-120.44764482669497,198037.06063403166
6.551926251774882,51.879043167509984,8.543091855636561,1.2343872693762308,927.3882789127374,2.6835450068564923,41.019137963824114,-122.46039005895574,297450.5632557309
5.061960265419234,13.31632074810026,4.360572491227047,0.9908621814639478,114.94967355237014,3.7728227262211145,41.24000793012172,-117.09277105771031,193767.23546661297
1.8049872553313477,3.057892169844685,4.355097753550651,1.4880700330271437,1047.2314320180835,2.0205897038265395,41.12339075972876,-114.39811569990074,154649.32554114316
11.341891924935641,21.970767417723884,7.814311239645369,0.660636312814979,274.3175015173395,4.748491089107653,37.50863514020376,-117.59047780151825,613356.8409800567
13.164536743768348,7.634114161276294,6.022811570913641,0.8523508207000274,356.08354545561855,5.436893202574538,34.58444856629059,-117.82923469993774,740533.9004758633
3.102867815769945,2.143720347264811,8.062068173494746,0.5,221.12176224074338,1.8322850079595885,40.081442536949794,-118.46510069499566,285185.8569591346
3.5515320154346974,19.38176818421579,6.006328806320656,0.6982837746022987,1383.1948706691087,2.3503483531498817,34.5302732610995,-123.11544259314464,236439.21259720877
5.320244358964787,40.97065080483706,2.9700551007021314,0.6272072015727125,1821.297353049745,2.302589239046308,35.038469129187405,-116.70496173570616,311988.3766937684
5.477638481192661,29.875215252478615,2.6004304549666064,1.4983894715385784,680.8794113725511,11.20312886618567,34.71591605731421,-117.9795045645065,279315.61782364047
6.653390428416397,16.951677449728056,2.141824276976249,0.8206952604994431,280.219519625205,2.423105416269002,37.39233283511015,-117.38523231143714,374944.5145190059
14.971115678251595,34.371442280128704,6.790308852992794,1.1496702738978455,3260.132233964339,6.95049389498275,35.55736132760626,-115.01188906972578,800000.0
4.030263117395315,12.832927195749347,7.896053328482717,0.9476946384552783,314.0618283962299,1.5946974033120864,33.964482471440746,-116.16039212938982,336103.122579555
2.7760294552717277,1.7334537496763363,9.2836604969114,0.5922138935948749,76.55180491479487,1.8315718212650887,36.805147412991886,-116.19084747845474,301001.1007121186
1.958949701810101,39.982022708257794,7.170521197878805,1.032679830731343,1051.9375305805424,2.131226709883117,40.80211876845909,-114.72816231120652,181643.0132741208
2.8905360693132667,32.81089732806446,7.841961012823471,1.339641332745438,220.3517925700732,1.9682707084496183,37.920252122024735,-114.10065048537001,259948.27177439348
4.393489632766767,39.87743384954896,4.181965701427263,0.6168962429826592,1787.5634912167477,2.6275467939629853,40.84418825593208,-118.18717268038941,196641.31964263515
13.154116061299339,2.9858388510709464,2.9715267848379012,1.4236451162925516,454.347490716036,2.107728650326038,34.36078575825181,-122.91118383968835,653816.5023795896
3.285218685266771,43.69310101936326,7.185166598076862,0.7601116314089216,1216.4757655184294,1.9943719796855712,34.08625179988926,-119.40870092224563,196289.2192657687
5.125729062391055,32.59583620185147,6.277129579702741,0.9068064295708638,2701.332223873671,5.3614582424340504,37.96798269413499,-116.12398853538356,326958.4629302441
4.437744546512608,29.733162886344648,5.625633186115874,1.3122732492040192,198.56989129890727,5.539458826589453,36.90162456468959,-123.72274675238151,237407.38202614954
9.143433433151168,32.85531645384111,6.213480109329279,0.8346255371122049,377.68588916089107,4.829042699637387,38.77164009564609,-123.43112561643851,439193.2426940275
20.4127448948772,45.08609559028657,6.0786895131622325,1.1150299437343463,616.6668503955442,3.9039914472874737,40.04895451475443,-123.32842217617178,800000.0
3.2591901238482923,30.93376183450426,8.09601540569248,0.9741236684847631,3095.0251745713085,3.1467542754930706,39.63741930869568,-116.6896424167169,244933.00862986507
3.341221085008008,30.628469374297147,8.119469728115607,1.1517472026815274,344.33577866237977,2.3431229993446756,41.45148114975633,-118.98833371436828,196331.16403369934
8.385437129546077,51.524637010354056,6.542862739914729,0.5,367.04934866822487,1.8652987867236093,36.28343588699161,-120.31102056479406,457900.0040161742
6.7472491856859245,39.59323852049697,7.17618603238215,0.5,1072.921494600683,3.602030995208567,34.460674051357714,-122.94382954738263,347224.77187281084
13.572211026149075,23.5569840780079,6.47953136009203,1.3463868024187353,373.4452002596232,1.6706032750256192,37.73367007950492,-116.67759749794111,698059.0048850932
6.362089818514219,37.07724700167931,4.431543562727301,1.5148725622596202,774.7387555381054,1.8276656206174877,33.552059641816264,-120.789801894491,386295.77072504675
3.6125892012735625,20.85075405628121,6.988785817317595,0.7358053185873916,140.95808533133444,5.346577454706824,35.244085671650495,-121.34675929935332,232232.98147158662
6.387819018147808,12.672648586658449,2.4715603553955505,1.0023886591315463,6089.552899895488,7.770422361340091,34.474936524999876,-117.47680798446449,405867.5689829283
8.716538066333994,31.43944572127573,7.613172259821355,1.2178877011609206,172.8269439222104,3.6570162002386812,36.26735530957227,-118.40989107403158,480212.4648664759
7.332300462284958,48.337287003811525,2.891501826491327,1.3772870406634818,482.14615585912054,5.223818125286834,33.55655746252105,-120.37589358186699,410048.7616692484
6.076108359930097,48.3861155207886,6.00018690226894,0.5,643.8842437110872,2.6566763293634508,32.80249657320693,-117.58512529194412,414449.29315694515
8.499478543182168,18.437169183380007,3.625176687305067,0.7455839012086491,4503.851210733534,1.5390462508759655,38.7395430439853,-121.28778479615882,440853.7575085384
9.039260376222872,27.911550777306445,6.562116864456296,0.9669682480600501,176.82388178791174,4.079954389499288,38.297365293753145,-116.05169738395674,528109.785912686
10.270702190909008,11.793430827062922,5.328757025551392,1.38125607889442,4835.327473993596,3.9934066420854664,39.22940989236728,-121.70681049692347,519348.2951007717
6.61424682581903,51.77718658444306,2.0510124878570024,2.0993721934885983,1418.246915161179,3.1137702062662624,38.773671182577765,-122.41162304617984,227062.07855182607
4.054101772001866,51.03701330126472,6.283469225138806,1.008797709276113,1009.3837997819478,2.6612934684723855,33.58579947085264,-116.17560590501125,358589.950035217
4.894089300847307,34.12495541507982,4.186366368651308,0.5372090151584046,248.48098238791485,4.860324908557964,35.26524937306864,-116.92107969302067,365349.11375897436
9.243359297388787,42.02511704355114,7.250408113708076,1.2609072308805194,1177.4910700475443,1.835163325533827,33.73050279405335,-122.17361024298202,506817.7407916425
2.7451579036561795,37.4701082254687,5.402783946342256,1.628398315816284,322.6323299753177,2.0403262275866747,40.50823781946135,-122.83754247310063,136198.558201616
5.5912562038241935,31.25106917101288,6.230384069314881,1.1432056483918005,2360.5767486847603,1.8147482386716016,39.59558472587747,-115.61600911513308,309579.7823895687
3.5395397784393636,3.7207478464337824,3.3891051944680552,0.737340581938283,251.87626899763535,3.1345526900902514,34.414506527723304,-116.23401517803312,229830.54463311905
4.559654685345221,24.192981470185714,4.162402314002541,1.4831975765920078,593.9775390163452,1.7437770760404292,35.74243778465399,-120.72742626300335,260265.73590319484
9.651092463193585,35.41410141053794,4.436858864187723,1.3654182473993741,381.73509978207244,2.1337455503162417,41.682842426510035,-117.41802591786633,445943.2567560361
5.02617592157542,35.554112308067914,7.199075208509368,0.6895676623217504,247.76408854647485,2.1109165116436714,38.14451389985669,-122.7583981345219,265213.8386349939
4.6083133800001175,20.029253539541564,8.922491884391528,1.252570247013737,1395.9351343925407,2.637142207914305,40.110978174360994,-118.92952340952321,255292.6357129265
1.981960121578616,49.02629131955956,3.7091393213399604,1.4989062270635491,1136.2160288121036,1.4280541406198308,35.01361483030293,-123.8126970793958,113396.30235679944
7.012905816474154,9.535208644075832,7.661381103781129,1.5727560170235575,2228.335557284786,3.138052849724092,34.4955027417034,-120.08398119078444,443741.97562480735
6.601457834687456,26.51833175699359,1.0,1.0734204098762177,112.18226243670598,5.604959469316592,39.94721082404221,-123.25157178528595,242505.64461039068
16.411016284410096,36.23508280409196,2.8922022577061925,0.9567682215282726,1927.8693384125288,3.214737436749304,39.01578832469868,-119.24852819843117,783999.6416404772
3.7259917538077643,36.55392610048227,3.386565242007773,1.5909095288325052,8147.357376369916,6.492583804730335,38.96929032751176,-119.78318353147105,207560.3037529931
5.111486165148134,34.08058679520959,2.5597317521744833,0.615935798807646,423.4175935340986,5.85326188446841,37.75002852737734,-119.55614973361943,333856.74458550295
5.205054695257679,15.039698886044869,2.074464381446082,1.2754317163684021,4425.5445504052595,4.432073457369828,37.85399425637721,-123.54668697952006,277156.07757404906
11.547534694925359,8.966535003017722,6.267297715489375,0.5519893490542284,511.23978562518056,3.118471323448685,39.48912630040941,-120.38383658718168,582291.6449711873
4.232626323144456,33.432956668162255,4.950457834771491,1.5261505089038412,168.61032148036122,3.0381543037839913,35.065023570651356,-116.43516150900084,289371.402154386
5.298442531876995,31.564407923111325,6.196751334970731,0.9967817937555354,489.981461930063,4.401299711054925,35.85130042564108,-120.3108562664638,331127.7868303268
6.4542440445536915,10.14715652475129,6.849992640855177,1.6074332942589877,1897.3319997620333,2.4698679687109255,40.78054931994052,-116.8482804739042,374402.78413021995
5.012653792180658,36.96209642409873,5.957795685662321,1.296565102542211,287.67274088528524,1.1720327380638522,35.4342194096155,-120.30521276366267,304182.91201233014
3.4285582285181553,24.213771578416477,6.781302669915785,0.6107119079752281,364.91386556982746,3.842034434867367,37.68994092810334,-119.76760558509814,253994.3586333941
5.035203768400373,35.0557901717608,5.253982198891235,1.6698510928308976,1204.162317875508,1.7065361707905846,39.1750749080635,-118.36107887170733,243036.05326001748
8.535031525527058,43.70572106827768,2.9073138845579365,1.720498106571092,667.1801615660033,1.8569389122678726,41.99928585491518,-114.49318063192918,408642.38207369775
2.4207824645179628,9.656149857423081,7.621409779723672,1.4529145970396864,1193.473154557748,3.0045024312605566,36.63526764920565,-122.91139553353345,205826.28463939126
4.853896597231146,1.9763882678386706,4.162864521159634,0.795364853985512,843.727470970564,2.8646253141799667,36.566882327936966,-123.67086231338827,261349.1820981067
2.944466102033459,40.73423190618512,3.435247772598906,0.9775944182570365,1074.5156915420243,1.482844491410865,40.50458960461984,-117.92042816189955,155546.17469145916
9.180007093595348,32.09456868278341,5.026372460810764,1.1581708869623037,431.6861476725016,3.263322284332783,40.1522795569687,-114.50902911071574,481440.88429876795
1.7969447418925952,36.681618050728204,3.483097069477323,0.8185158402674267,838.5975741800304,4.86988260196149,39.44522087647821,-114.10276867445285,120543.99597574314
3.204791044864325,43.74590372442077,4.523396197822192,1.776938628985282,263.12441845950764,1.7088646709021929,36.90068155538577,-119.15835752607998,248545.20980051233
5.6199744916259835,41.94335767604952,6.12251323528328,1.1577305886904148,2412.535679426559,5.6759710872481275,35.5774216415268,-119.31918378914901,307855.70573646826
11.465177722987853,50.00692749337006,6.131517652416867,0.5,352.73789821924635,1.3770101453444525,38.28293958455606,-117.55036229254804,601597.2510383093
4.308327782608735,28.33268902145803,3.5145568605061785,1.2357423251024882,2056.678306030424,8.659544059635236,40.82412128475059,-118.4436524279503,212816.99051966955
3.2119565994266224,25.913277265655175,4.375818716807636,0.9607370412730748,526.5746142553671,2.4457939270497606,40.89588585298157,-117.65911942385881,154768.3336317639
13.855665933709478,21.496247194427234,7.656099310017512,1.0700293775526208,814.0314574382202,3.2310543186427636,33.53073427816916,-115.26000574462105,798056.7452803486
1.8798493859012464,8.83824318505443,6.442440247241277,0.9525522536857203,405.4653618665715,1.1664713059434941,36.56932769622493,-116.53693830512391,185797.80485509703
1.1980753881208865,30.202968876983142,9.757636582631939,1.422818566642675,240.80911575221006,2.9122674399669775,36.91485858388812,-119.03122608313204,210639.3609480675
5.8357843017580375,15.127638740624917,7.878269164857208,1.5478751114213525,116.19149075049287,3.3677372809164905,41.787345991475654,-119.3813554099983,273306.9323979267
3.3160272845428658,47.98668312286175,7.803015443975872,1.2132212649034615,231.52221763058213,2.8774916159450674,38.94098114480455,-117.60398251486885,207278.98826340554
2.428467280840558,30.742731018131977,2.4854760440428163,0.9642755251447365,481.1076967372144,2.267004737918022,36.36884096398967,-119.44293715579703,134296.1172024279
6.855243736362409,31.23484920591362,7.004106738430188,1.083465118076332,822.1140881777734,1.8714578774515067,32.747549916863136,-119.4222064873436,410207.81110130553
5.187648067399982,19.101157704727513,5.288475716436488,1.1078398466310515,1826.9063812645818,5.28706520241067,37.87115902094236,-123.83694098213495,308927.21692297625
3.1948905211381717,3.651456950863082,4.242938212569676,0.7790279840540653,425.916168865299,3.050799134155713,33.41272176856438,-122.25935862592692,259991.16326106538
2.078855206687327,2.6189320340224196,5.75283221511831,1.331571459428494,275.3489591856678,6.490737679370714,40.42727459480375,-119.11486360004247,140952.06179978442
7.564561618892835,22.590092351813073,7.3849442226841155,1.2840169295441866,157.16327199635285,2.3088713743422438,39.64892727541844,-115.77346540949631,415591.0068513179
6.620167731914861,5.31283428295913,6.451746341108844,1.7161764959106693,1074.9867532246346,2.4171826150975266,36.874837019127696,-121.21272993272876,410642.02431830793
4.222783390066787,31.949194732547095,3.5552050171816743,1.60213991211539,2652.3319557645873,4.516769935290051,36.57750240564615,-118.7735656686885,231096.75812002964
13.57163832060946,45.929623287622526,6.959163718544503,0.825730032963948,2359.795561905823,1.3344410552835226,41.0247201729033,-120.55037915240767,662538.4029019221
2.3583191488101747,46.02865564245483,4.061066161640476,1.428119349803586,1352.8012859220578,1.6376598792158785,35.24035432897222,-122.95196010460411,134010.31244803802
1.7944254684970318,34.611315916743855,5.855034549825001,0.7196186467622114,1259.592225824094,5.200436090748891,34.865689640014324,-114.417015169287,197622.82815960978
2.9590111988099537,11.772823405119482,4.762964858298019,1.37837284037634,3632.308878370306,1.6720209347847519,41.42237561184474,-115.45326129749698,218410.62216734298
4.36076887890761,45.012838399302474,4.940380871355186,0.893354320495957,927.1185670357896,1.2098235134876076,40.18783544915809,-123.21507575533093,223561.9456736985
5.1862125394816285,46.190765200973615,7.00911024758507,0.6906987106497663,1269.1842827244839,7.646619035754578,40.29594313413835,-116.80212737531716,299373.0579543087
3.8777627064903983,11.029332832600893,3.2155931883866145,1.2120181370789618,482.6135057292595,1.4964433252544949,34.35434123562129,-120.524200956425,238284.14495553751
5.535784208673853,38.60873037430454,9.48490965598156,0.5,170.36728885353392,3.293858583079767,33.86131191859388,-114.05150192938207,419654.0612719164
2.1150455427588803,15.612496995283271,1.575719254481558,0.5,335.6775744832665,3.1097508062158488,32.74728072326278,-120.97601480171022,190578.77768683314
10.65744557001354,41.934655929999415,4.1448978651648005,1.0290032464902867,659.0773889121937,1.0,34.75189433472746,-121.612615546374,529374.8203619038
4.266139384933713,51.85913289508374,6.177444968877657,1.1329767066539371,706.8265988374935,2.6283111415392435,39.854809671286084,-118.32109451694595,279883.7428137569
8.761590907925388,2.5313262717990335,6.627059749514151,0.9522724919367245,4565.511590901542,3.759201713944048,34.78036497825942,-115.64873836656795,476132.10558485094
5.50488130055387,46.76565915533753,5.189000986799419,0.5,721.4601666352316,3.5864207183352153,39.42648119415132,-122.07481128180201,238011.12464133848
5.894689916435466,32.754157213531556,5.279479523696761,0.7728432631445978,2162.1177150813896,4.7197712852177744,34.8931285209905,-116.90597230280669,363708.1742063165
6.308263043019332,50.64251357740588,6.262155179187995,1.2564837308949577,430.48942470620824,2.4750345178941098,36.25527873053138,-123.38593416858879,249753.58996874877
5.862787282658912,24.715485393847807,4.9147540973388715,1.332712708251345,487.02921656746895,4.289851946530222,41.84004175415838,-114.81065256889502,271463.56645370094
6.590529247057212,44.21678445914006,8.325680641663302,1.0935107529616237,176.08949546833543,2.128325384328745,34.82571144719929,-123.18925083852702,406022.0341699792
9.949193753410894,4.182097498512139,7.162633139886365,1.5627335124147956,316.6103972123048,1.4840373186890865,36.075520959333545,-114.85768623655838,603612.3910093772
5.042554010378936,18.099231553993082,7.232931137111833,1.2589588093836939,1126.624633269178,1.5700945055389404,35.36032821441953,-119.09192750547297,397153.20231480245
6.85790673534807,4.417843425311709,3.3710708809221246,0.8010177384167152,670.1892802976673,1.4462077308904062,33.54143737013502,-119.5190888720408,472733.659191311
4.246769530467568,50.742499807432594,5.233284308748024,0.9877991786353532,1707.7613160761703,4.9768292125426905,37.15399435024284,-114.26692920499623,301677.1913149149
10.634147964499666,42.665669270863674,4.7690215076865226,0.5388535371168582,797.3182813710062,1.4087647343325909,36.09756130166352,-114.09615822301781,610586.8476914642
2.9866866189978287,44.479918483544495,3.2882371110521222,1.0567444038434335,467.5686899744982,3.4453290678497064,39.10142731516916,-117.49821874038989,176905.9038502159
13.204586874798133,48.8362268031286,6.156344786286111,1.5448402476885355,5700.429853004003,2.630142173158587,40.26714819603969,-122.72880708142951,522459.93219486775
4.374994355395337,5.340277792109053,4.270943908662385,1.3741160338843872,605.5253517826136,2.853869273298035,37.67037228770857,-118.93829914344798,230422.90454627175
1.8993940964886993,20.66547721818,6.776348042685498,1.660803730367649,2128.1343219898467,5.940561441029925,32.8058660098297,-118.70836899044338,227212.01680276028
4.839747979136442,4.622779341244108,3.152597717921904,0.9788459024804028,445.3189617798535,2.4127961818938726,38.379762384229856,-118.8555357186469,296538.9994907081
2.978348658600743,11.75044817905146,9.009985286967824,1.6384399178057032,1352.3505146281739,4.078791651793608,33.02621193519892,-118.3050816147999,309928.87111122743
7.421536634919182,12.69765462892129,3.5177014169566707,1.022678309420812,1682.4656733673653,3.0611224905919645,38.355385074190735,-123.81275286205609,325037.97230257274
3.029584896915466,24.924467763426513,5.860534908120916,1.6886340330279577,819.3341273641618,2.7842834387442097,39.00778451805729,-116.88772718529498,243327.47220325493
3.429072923913725,14.696670540135772,7.062904551814942,1.0912573010231505,63.15026703077513,9.487589367656645,34.37879246236643,-116.87605698047012,327919.7700880804
1.4423526446588626,6.1498834477058155,4.201655096579763,1.3828925495217108,677.3935785984678,1.4613039113848862,40.28378841285682,-122.84530224822112,109032.06539296874
3.4164985418786236,9.542045543799492,7.190184151209197,1.6900449457239424,2276.649327328027,5.723416502426877,41.15530874995346,-118.297605575542,234766.0655989679
1.046731449771316,8.511053741156637,2.8187144446191263,1.022628948567518,1127.1874570878283,4.171197991767426,40.224326159081286,-118.31638817564226,62883.7166980118
1.732660876723556,50.626916693527214,8.449447168283378,1.1873555950176697,1038.8180705409227,2.3637220173688283,35.39853730701478,-117.175495798096,239252.30201203562
7.0727459115142794,39.723917852842156,5.429713456428093,1.615545370082521,118.83584250857352,6.784626600744538,38.073108618233526,-123.1460230786492,339822.7060727465
7.1812976303412706,50.35583472874766,4.147536043265353,1.0467987344279746,323.6118906223536,1.1923724093564763,41.19074391731667,-117.73496692733903,362761.65054818476
5.78503573073093,23.426764811903336,4.771718277902388,0.5716430869975356,1003.6088484381519,2.3143217668968896,35.54631489911707,-121.19248049253659,350711.3389545123
2.5088244934048123,15.196792564795487,7.098730465724711,1.957202821833964,1002.6314540179625,1.641743682191253,40.29026431152154,-118.92997009503829,174595.77293826564
4.355211553663231,41.71295305766852,4.17264388711408,0.9120942142651454,2240.976035618091,3.6915326806938444,32.590013746986116,-116.26676447295924,306420.2414396659
4.47201225639527,17.638949820098485,3.8263488522121674,1.1635024203750173,575.4390098382544,1.7219682180295965,32.53464367645442,-116.94354063636986,345437.81367631315
2.2366544190915154,16.268552058972762,4.93477314507415,1.562402667780451,998.0706712437238,3.730461577693866,39.71726077322019,-122.81096982322006,147309.93391722534
11.045675358205683,12.857805602599392,2.9283795631830674,0.8566024385075194,676.1224792347055,2.7367793027763816,39.733752030207654,-118.08815212883927,527088.6713624982
7.586856743538562,7.613627889436003,9.223142206677814,0.696852834711148,247.90788940850172,2.363924185674565,39.995283284596795,-114.30883469059262,492681.445549258
3.9252164480041327,14.079616111855064,4.210571358449082,1.2014949187099333,69.70058207680307,3.6485273594492704,41.335254959937544,-122.43230562664998,194964.53647958304
4.554571725714306,19.121307172168272,7.146395250978848,0.5,1023.5269051275337,2.626597252215486,33.6201099622927,-115.47092912274584,364509.5698821698
5.078569791111242,35.37370461543225,5.839887175660323,0.984837569252832,791.5137160949594,1.7431304020762712,34.703857357345036,-116.97451919446223,397760.05575609254
1.3164768021462985,4.1908069531920304,3.332478493987867,1.1980154657261624,358.4628247104779,12.190860050981838,41.08538674355117,-116.2599668709024,69462.52439339041
3.863963887755549,11.73585392293249,5.387495110653268,0.9920192412699345,131.73956002491374,2.3547072469929002,34.183743878837355,-121.18041672857355,325684.43263552326
2.9766825769360317,42.2602056548755,7.046405836552571,0.5,1248.5516948243016,1.0,38.98117804197755,-121.12111070620158,198472.6471199902
2.457213523865023,8.493018102772309,5.004651196318757,1.7376711824816051,509.8313199451109,1.9718075401391704,37.53939850038775,-114.93980544223513,225982.68337653307
3.786112716506047,18.474902472648598,7.905537186287159,1.1414152615796702,1160.8116322007945,1.5941834408148694,33.29033993008932,-120.40167967907442,286267.8101705037
13.178832132870792,45.09760501476514,7.545182324841915,1.6724608471046967,4290.027964411934,4.540661961944704,35.210004788444564,-123.3698460930719,661111.4830747431
6.583099721846117,8.901190868315576,7.329721194782492,0.9959854999278221,78.14523790391691,3.5283358521305095,37.443536056189195,-117.9940329642055,396454.1722580389
3.181308550852155,5.219578616527684,4.434720778226707,0.7479952073236945,330.43143894030703,3.666935871353289,40.597326108496425,-122.75182330958157,114094.66275570013
6.318928602163762,25.711437749080552,3.1323308596588775,1.207672368102064,539.4900743648561,2.496747205989185,39.2216156513394,-116.03403758592091,339604.3222971624
10.377222519805203,16.423395075205356,4.111466028738132,1.0136851494687122,2849.293005225286,2.6125450899984504,38.407890033821865,-117.58253557498942,514148.3484048509
7.805122194321495,29.73382658867656,5.812105975400113,0.6288954168034568,129.48913536096285,2.495613144214251,37.21231245444344,-115.25273494778791,480383.717854426
4.644938917194506,41.99404941465723,6.546152098417947,1.6879137035149983,4609.43710583878,2.8846495167906925,35.33749784623428,-116.15162750217365,373665.91490304115
3.039940471176767,7.994572895789902,1.0,0.8510919108424017,761.9309246913168,4.561569339336684,33.63282665753298,-122.87886351661804,159683.02842485218
6.813691121085748,30.615653312268535,5.3829622766153244,0.5,604.2568393526368,3.553871974858809,36.386222328377904,-120.18929323565578,432930.57410629716
5.675117291462764,26.78094677988306,5.731987373178688,1.6312664215829331,545.6295342647459,3.857643152765546,32.77092569215728,-116.25439750085413,405129.9549087416
7.668460913049168,8.348018086673179,4.817157061737342,0.8982807936749508,429.9792569272521,3.856574885213147,34.50503094803508,-119.82658526733674,421950.568818865
6.5607378975267485,32.8239227619781,8.111675061933346,0.8568704429537504,1897.1665436771364,4.6749628617147865,36.608592070790266,-114.27634515220022,454908.5332571976
8.412608809835785,14.955661310899353,6.285738155926829,0.5,228.4869840015124,3.46972389202096,36.47674926388319,-116.6425955010655,482710.90983573865
3.250662666895424,25.879550245744635,8.151403006969884,1.7963765946387964,939.5623499103525,3.5945687882368706,32.92080659447143,-123.84500083309679,255505.77649909398
9.879248433480782,5.195888538130156,4.946482907264513,0.584207765116125,452.96657382421944,5.443395944450149,38.096071458490265,-115.20014308439164,530327.5611589571
5.045817906247977,24.438786917894777,7.368702734264543,1.1233797922822601,310.4014784936117,2.1543241201004992,37.722000430605746,-122.99195215131442,262227.3015022951
15.567050351876793,16.629636870183838,8.83363942850779,1.4650481290161763,8830.572927404568,1.9584017560753042,33.24199088819867,-122.59476275819914,800000.0
2.9638446955444886,42.941441770453075,8.15455624347259,1.2686867732012388,1011.3594903044949,1.6603678935040136,41.46004899837418,-116.6550759938895,188807.3986631124
12.699698866689657,3.9059150768657824,3.106502653799661,1.0761382752031234,1228.1515887071369,3.2918749030694627,33.44413640003317,-115.3503144056952,673278.1821724535
5.046760085047628,22.348971020834828,4.867280237161,0.5,2075.125225886546,1.1890252804084038,40.62092443675469,-118.63650372100444,287289.5650901747
3.031777853653681,24.380002630703338,4.675154118555428,0.7761100656930865,160.55716617205584,3.7851179467541836,32.50294245319256,-121.10950267054221,211207.07987388375
3.3523731551771188,37.97530989125506,6.427434523660288,1.1751201352170089,3836.4084526275733,2.84454593205167,40.881670402931135,-120.48684454746825,141682.36903529274
3.697998084874616,30.288666329600762,6.84134246553052,0.7851303720052015,54.11128836633652,5.297949452344463,32.68733745594097,-120.57110670403944,325063.75506748044
5.780554242778076,35.027829196903234,3.638325384545954,1.1813437839995071,308.34941059693176,2.1469352171221265,39.6992143029751,-120.73321896190488,243130.3034443164
6.133105894380512,40.62951356823956,5.54246087922557,1.3726973635260569,420.29982549569115,2.7137755502960226,35.936062707352406,-121.5709032817835,274580.0443955981
3.176500114075746,44.972351656567625,1.1581526024721134,1.4850011543200408,1190.0175869792247,5.265108044493416,39.51305960129504,-117.91132905370768,171164.7228950644
4.416675415558857,17.007650332845994,8.428084512183968,0.6095282568749267,827.7558685316757,5.998850235143471,36.316579451537294,-114.99594681434932,330792.2631080909
16.205686759337144,28.439157973559052,4.324014094578944,1.978658421991582,562.9468728509722,2.13811332666979,33.1736252621525,-120.92917586916658,800000.0
12.63569698124109,43.8455120003992,5.517314273673444,1.4069917378216523,657.2093777911688,3.2900100395039438,39.79131360625596,-122.13305702538588,572956.8609478605
5.822875441244794,51.462007679217876,4.749735600625072,1.0993143385323745,250.12904794908533,3.480616693429531,33.17690051055297,-115.61422333628575,403767.931094759
4.5850549340966635,46.36548486323192,7.806657907528172,1.5358146332306564,148.82447710076474,3.621276915798042,41.26014414163157,-116.58216669110297,240373.52163007052
4.816361637502841,19.944830393843215,1.0,2.0461631087999894,1375.4161547872488,2.6345494228273263,32.984253340020786,-114.6916296844009,393799.5789037406
6.4760501750952235,10.953492378151171,5.365118281115591,0.5245119595772523,1331.0270117758587,5.701285633026729,37.0535901388294,-122.3448026439509,300074.18381321203
2.4261956656613193,25.959019407736026,5.177780609254834,1.0098949430034587,3243.779285494975,1.1678310887935572,39.36882709308256,-122.55748685883408,150578.47437119967
3.8403905898973103,38.823714043638155,4.447363586057467,0.5,301.86590729303754,2.4337539059167925,36.23584141552436,-118.58570605695003,273431.25116867415
1.6468255993094616,26.121022608418176,9.02507574583483,1.17706061305921,1329.8417249016331,3.7582948845241253,34.56371800862813,-117.85566345164905,197572.88543609163
5.694688359128698,25.64222402899709,3.5366081364028807,1.2461576967700565,500.8432969576934,3.77580047271458,39.71136413326226,-119.1982655814041,255570.80021065765
6.608241378808879,43.74975147517183,7.020771972194889,1.0843351538228962,2187.4133044467626,5.908426281348821,39.950799695492904,-118.01033363676125,376959.8442274261
3.3537801834252825,19.431592732426505,6.148130856282776,0.8381865716006761,1848.1913231357373,5.469092493800863,41.265602347566485,-122.19620231124928,127499.41197549057
11.523541823531463,44.84952841539393,8.049190430324584,0.5,821.5636372899662,2.6044699680568173,36.073568549095235,-119.20386245835917,604001.0909111119
2.1480073580982495,21.7470448485379,3.9989029219672387,1.2494134733647075,473.65056412339226,5.754232216768947,37.3093914777246,-117.41907439060333,196069.31143185386
1.8614859597701245,17.73988838959531,3.8607653118401064,1.6821737935661303,1738.7681445953183,2.10218888507606,35.949720207037686,-119.67293550751296,167738.59029596543
5.1277711502489725,24.15348547118465,7.701746805702538,0.8635926177066273,1270.168087753431,4.784797438447042,34.942277307588,-117.20552664183403,311066.6903012893
8.400229119156087,39.88479489241829,6.293174747493232,1.276023971609258,335.4790793762443,7.42803413708688,39.634813134607285,-119.4880871944616,463018.5276501252
12.309318964130037,7.426103421063709,2.155631571978807,0.5,176.30251002154975,5.515002209982377,35.72669252766108,-120.66400419157722,596973.6809932536
3.4030409953707585,11.017380009472886,4.267459469627132,1.2828852254770056,498.4319643364834,3.1673180594291708,36.567419698927345,-120.96394952912908,209662.5250483239
8.56092718299853,49.52368610881769,6.211403573080928,0.9426470809021372,3027.261865976655,2.5449490091744726,36.33489974742827,-119.89097941011411,471063.1570573878
4.379326381135817,9.950072996449226,7.1593048652478375,0.7950328197588343,2093.279300782786,1.3989253739960665,39.27028164364408,-123.76910377317799,258528.4074538509
4.040722934046961,29.954093214483784,3.9736156282947945,0.7958545435135478,218.69378958701282,3.508784983335213,41.219058448051456,-117.31474861553886,269804.49393903976
7.615578580322121,30.54503779975883,1.0,0.9425553671867961,206.90144817028974,1.7201154075969916,38.834182582420084,-115.54894359019738,346064.38679903414
6.628600706182032,25.970847564562483,6.49876869004777,1.2529733262770142,2379.5908727422093,2.0206771301614785,36.98003466289521,-120.45372905556881,404618.0439942934
1.740486559110432,33.88200767741775,2.837326551117651,0.575134719521793,213.65532703436364,1.6563677451414247,39.90244859001939,-123.53966863858281,90253.95912738465
10.869103356578448,12.72116301567854,1.163588523942936,0.941153867372859,1106.874241907007,2.3864426679087236,38.58922757916031,-114.13224402614442,560654.8192407057
10.257968441531007,29.185775656614158,1.0,1.083411288800341,359.21776224539116,2.9624460423910914,33.07579839261923,-121.36301744548933,557932.8444825565
3.079177078849626,19.980836017591756,7.109359806415257,0.6603843101872564,3351.103335657692,3.4445982885968784,33.408804070978995,-122.73378878309227,276365.895537579
5.683016240602026,34.74503024108864,5.67009664585043,1.818666080670007,307.83847108096734,2.2249772309679647,32.86021096869952,-120.30247492026972,334847.8426442842
6.028017065324673,8.202400712030624,4.926121600504272,0.7586018079754635,2086.7467018420252,5.12762122698373,36.83975509896004,-116.61442959366444,424686.1739462669
5.2404336864316505,30.11474825881329,8.3169511622218,0.8322252345466039,800.1975655050145,2.7071525718287752,40.345607626220165,-121.06083403109434,235779.46198476473
3.221402770464163,10.448788124549509,6.738381834348453,0.708676820071001,855.9353556882801,2.0261527206533385,35.47429010883784,-118.25296796080512,237792.61369178194
2.9952448442785085,15.210796218866856,8.794230089716025,1.8193920348552473,92.72994193587353,3.3640517774415253,36.14952173937858,-119.84440005562858,243039.2137422086
4.41349793416022,12.154199816502745,2.4752555084493078,1.3211620914397928,73.48539263402246,8.018700824285142,41.14003252949496,-122.82236007723381,225765.19314749923
9.05790096418823,10.324726773309672,5.327443689696677,0.7253631975025432,533.4866567934974,3.552246723873272,40.45058273050822,-120.6971298750789,430174.2586884377
6.209995012200003,43.11125852959402,2.0049019126091703,1.5424926235439875,851.4204423786173,2.505710147341311,38.81795706763432,-116.75129494285933,321632.37008704175
3.5881308084922097,15.571085950705408,4.918297103103519,1.1802794777155514,215.89715763940325,1.3997159482673172,35.03463592987639,-117.87996102668555,324334.6111319588
7.1207939311328925,48.283312875086914,4.877906707089978,1.2029013684446008,223.92397334259374,2.6920253795727893,33.611894085540214,-122.80221620116438,388471.2450686764
0.8112933532110806,50.466252792604735,6.71588863825245,0.962209116499019,1166.1612257052116,3.3786089196426983,32.65255881546108,-122.36677590285692,104748.34244897921
8.928598326256763,30.134283966791966,5.495684150397987,0.8002336052172108,1167.7738002427664,2.4749236680972215,33.516601389742,-117.59266640692555,523802.8919075927
1.57802131941234,8.293057255952046,6.709154990387823,1.2351064396218407,579.5540564453664,1.3064423518299926,35.27966621442746,-115.86584585679131,263459.33719990525
3.605770342532921,20.101960412358643,6.877224279591678,0.881965108001764,1451.2807496632431,1.9634778326270934,37.74200560400521,-120.5052550404183,242515.88828689943
2.2891900458280476,41.68434543075892,9.925350222504598,1.826702251830042,205.57228096439334,6.216886572843803,33.10800078614768,-118.0468924815655,315172.1198937798
2.0609996138905124,19.736927163550593,4.737877023899139,0.5922835579027584,465.9438265208794,6.153373708307921,33.79416389402527,-122.29356411247895,196578.98226929698
8.9934458434755,5.437878133442226,3.423852328600604,1.7144627091419782,3456.036204760854,1.928380276133268,34.22026667192544,-120.88623663094677,482514.4404875975
3.3850858881822115,29.396030457337584,5.916775592164459,1.0554724604808798,712.1739048263491,4.205437764020292,38.50382988334141,-123.79729794326947,177456.6881724852
5.517375691516629,44.101163426297774,3.715211943006959,1.2196342936084426,754.69410981301,1.6664799835374957,38.35000309031118,-116.31724052200478,290619.07519451383
4.357278445322517,41.592245744318625,8.512117613716725,1.433263106651774,6673.812641134851,6.062717555102545,37.73227440053545,-119.98990180227034,248430.69726772886
5.966881901075092,9.931280146648016,4.805242118215012,0.8479002819982255,164.1298420097501,3.396066750727274,34.87976353461143,-115.83874426346046,536903.1931763453
4.693099013131912,35.310995335035805,4.212289627464621,1.4456993538794547,1475.0252195711805,4.829875781936833,36.02563706657796,-116.91627003977274,331663.57778122154
2.075505348520376,12.245717435218003,4.410236985582653,0.5,3512.1591851939725,1.2743717682682976,33.41855230520856,-115.71255734271523,273843.5158116399
8.147898910865841,12.128584262160784,6.9086765892904465,0.8120041867112244,480.6513068841418,4.215712224495712,34.65137573570152,-121.14341330417118,455554.21017768927
3.332577571613574,45.57766043856444,5.068731335213881,0.7303748770635738,1571.2563273585388,2.99266102988291,41.028199651489516,-122.14891269572155,192306.8527001767
1.7612976892605225,13.733116589751738,4.052499677726198,0.5985975950512954,249.1314086377384,4.5995778861103025,41.80707159114037,-114.2809431734833,164063.16505756363
3.4664496113917087,14.42561467241857,8.897239027009416,1.0140180647684196,334.7110440154879,4.746625284140672,38.6527660635828,-116.8267221295913,319717.1304210799
11.028202709946555,1.0333229288262773,3.6020433346103253,1.254299987272678,977.4688418904783,3.104623167006446,41.20982127422249,-115.65957732073329,606453.8882544623
7.464310372433733,45.4041207404014,5.474688755469287,1.3810639993997225,1478.1796937510187,2.2246179220643403,38.60604805381354,-123.86866626290066,307720.97727498505
3.6357256488446112,41.42233547366587,6.769842918381484,1.1963507028801632,2040.4721627918507,4.436421535852004,32.81536661800197,-120.45538379704114,249023.31073022055
3.6344048771714017,32.99377568962458,1.9741962681241465,0.8337226140425813,3195.914604191324,2.915154296476327,41.969244557370885,-116.57183309422669,143780.20497729172
3.6951419456688472,39.263553960880955,6.408547052952443,1.247606575130067,621.7595493831739,1.9417847477690158,33.44004686602208,-123.22017167010017,232732.4777019307
15.580946508980775,8.75447693864908,3.1842738814910567,1.1497142779403404,2194.2854894290144,1.896336532774177,38.985097113728074,-118.32660070431065,767820.1358170058
5.635924913777056,24.374503323966348,7.127843839751406,1.4744224671744066,472.3381537691218,1.4353630185867456,34.9019439292105,-119.70927232544997,356644.421803235
5.800969091372318,18.912188754787824,3.37843287497015,1.4107746811726067,1639.4093632456315,2.3276389327363494,36.22382057261612,-123.82383492858892,364533.4908586833
8.315906049883193,5.782602839107841,6.854814966882607,1.1121905655682516,818.5126058491238,5.21399326104429,38.63637475560891,-121.64024422880549,486902.956341816
5.172072586975928,25.792654745961126,7.722249439218897,0.7410987975354973,1038.6508673782553,3.283516329555371,36.646629818423214,-121.15208010933286,318604.3390479087
3.836554554926791,47.95772216747441,7.20901670382889,0.8388199376671677,1015.8773212248809,2.305081761159695,34.880187559845716,-122.88140053653677,312469.3137091714
3.983616561746522,3.0430150715854185,5.927764961300015,0.8800842561447868,133.65942902164034,4.492583693424052,35.67723877534409,-117.68463090257339,342725.73264541867
4.293229488917152,15.864506588183488,4.914268019847632,0.9738934664334977,216.1295812795236,1.981316829670018,35.74470711077018,-121.57602123748111,259567.41537254228
4.382707386037537,11.584587746490877,4.189518889696828,1.2072201710359014,736.9657653971184,3.150859072758386,41.61357709282803,-121.22380500380612,142063.28693259103
6.934976923239145,13.145479336950512,8.489172850715919,1.3860697560512234,123.06601520246821,2.7461084864192915,40.08682365127279,-115.01761401799853,413454.43171567225
4.623571837952722,47.33016214584814,3.9310600376479496,1.079552522793849,1527.2302858800622,4.435167189490983,36.8562133290543,-119.3287690730686,242295.2539021045
6.955857054537115,24.871521765948795,3.2221612455030084,1.106449915160189,1590.1060105413237,1.3653158783015247,34.39829874324296,-120.07871853030727,411044.98449331656
4.2698130835359285,24.78127005993076,6.797274763568943,1.1573225220000016,922.576733939671,1.9638387959191566,40.20465304749523,-116.76128961685282,270368.3305514226
4.6982077875178545,39.7893577652194,3.7281127133083602,0.8936378747470641,216.77630888681747,1.3242909318893816,33.99323348027955,-114.90386203117087,348117.5322207478
1.3513168875973316,8.879102404251217,3.4048666553211335,0.7298430969428176,2644.2399218843434,2.638476425719366,34.499391062849035,-123.74963663762556,143413.96909134733
7.766321313341178,25.85053305910259,2.368431049443494,0.5,5101.095704816292,5.505313692874137,35.977127222481435,-119.51761153444603,370748.6225298714
5.517324691892154,22.929245920174047,4.385889337132913,0.8219402567692511,770.5286420867601,2.333283248371621,40.863307860593906,-117.89218643922052,299745.87561320845
8.156425862006131,31.442445217879463,5.226298449817365,1.289258181307115,1108.2476780259285,2.32718185420191,33.751973352024045,-120.81436901874011,457419.66625254974
0.7883972223040466,51.97744286577237,5.910492628087468,0.8188354247841731,813.819547082868,4.64532906264824,33.661224832117995,-116.27592277876758,170694.49318790494
15.690019708590018,40.241893598184404,7.397743113028915,1.004877185029624,1130.4478820773138,5.125739356117619,37.19276238890003,-114.28522929729726,800000.0
4.1216197244546855,21.291150853888787,6.506485639698167,1.2865725149649268,590.1880667870245,2.874027816743625,35.12590014038991,-114.56572633749717,299488.5082595838
8.713814937059178,43.20520566597639,4.999168338938323,1.3082757985690676,642.5442976530308,4.2306575367798445,37.90291544565752,-121.34017460620058,419825.25165825995
2.401410909849619,9.706126528936489,4.983789079602588,0.6681868591335844,1645.3651273712271,1.7533403317413887,36.79054850449062,-121.73661721562515,174885.17252060657
6.473159648637031,2.5536480017569665,6.471330684721885,1.4988237425814566,6943.9368484697925,5.98338922209525,36.63211151033656,-114.42509468978778,409421.673209817
2.3820242754732437,11.426866995677926,8.072397342149996,1.5509400357421943,164.0102237136048,8.796493243160791,33.56374321962644,-119.41371512568534,264587.6031491633
3.0824928101577567,18.360989361827244,5.665259818914721,0.6480600571125761,599.5548814190289,3.898562500577953,33.83997205737348,-121.91702276915308,216130.5752200488
14.13167613816809,27.039618630437555,4.414825206158142,0.7704652521435384,204.2897878997675,1.0595392982220178,40.30024648574508,-116.93003036369582,674840.3879351666
3.9971857841293557,32.371586167601194,3.314981397720355,1.5764362732584767,3268.2988480678614,2.272509821156308,40.91588600693157,-121.15579676096209,157855.3087608768
5.10622163119202,47.44089157793551,2.3650689447343267,1.0412585914978798,369.541124051148,4.081288146773356,34.72949356240988,-121.32753024928948,314123.71233215736
7.553723635340599,27.00255448707334,6.799166311291399,0.5,157.0869079812041,2.4333246753798212,33.57787476448531,-115.20750956922215,490141.74571101466
6.033993918012814,26.5650578759122,6.61375489964307,0.5401273981069256,1259.143489864763,5.675162952913765,33.00745838337785,-122.37520846623096,388841.9411071486
4.904981606622046,3.562393500972089,6.612463402723989,1.0002521499310075,3805.9127175728154,4.031258589216098,38.27882733054802,-123.35607053533764,328825.5677892746
5.578816189574636,2.780489185467414,5.129815162660683,0.6347829398861593,1291.5494086011993,2.1101567833170525,39.29585551875195,-121.30813559828313,296104.63126765325
18.95465127242874,29.109158057734977,8.354562966372677,0.9346304917454236,816.3130142314684,3.05302348264551,36.04169489743045,-117.93054587161797,800000.0
4.329398950104308,23.34710927566557,4.383351161371883,1.1129584854734316,1001.3866042417804,1.9214563030076242,38.95692074116108,-122.76912146596729,268956.4403999359
5.0564235648494655,43.79820014399523,7.406065398135132,1.6849018416138917,2737.6102925401915,2.742054784757615,39.2731087478155,-119.28405327723206,317928.33478660655
8.418171453308602,9.194658820304104,5.31863992052196,0.9838184335088844,277.4943936684558,2.276646165077708,41.385751673270605,-117.7266288957468,426993.47613312374
8.699935047036462,2.2735547679695296,4.1224633941733915,1.5290167198291036,594.7569864090699,5.405305115593662,33.11629955943352,-115.51263007406826,560890.6890034723
9.135959166031888,23.90097716443642,6.6443136453672995,1.6715040648147084,422.973636265494,8.653864882802035,34.326771370695255,-121.70130408797746,458207.541457526
6.574760379501956,13.111406394365131,6.260235849236387,1.6737238677408306,206.87912648926363,1.4687413850307103,33.150996882171384,-115.82653676617211,443158.62505927234
2.257362400657639,3.53033304028071,6.149642794460545,1.2139018373542274,478.9636659576334,1.148425480557372,40.74594236669305,-121.65093738868761,121268.94446469062
11.941968010480288,37.95451262922908,5.5706846863180175,0.5,2013.683872538803,2.6575742989993216,40.0295780203189,-117.23233458760359,660008.8094111176
2.2528425269737764,6.6912429978196215,5.320424528394655,1.2843299461615463,1172.158439624314,1.4060609615407942,37.95909967090747,-119.69326428517545,154944.65979749378
5.374047124544563,32.02429450039635,10.415581185027921,1.5193599551254164,1266.8775120913804,3.0743878302175536,33.29480239548624,-122.8531875762133,348734.02745048166
2.85032918177648,15.333537258511347,7.8869389549119635,1.0675731578258332,770.0655273283467,4.368711248935508,35.09646740721033,-116.85736537178151,239253.26117492953
4.3124965917753535,9.848298568106124,6.917936479469576,1.7978335480300995,1122.5114081513927,6.341218539454141,35.32833855655591,-121.82237381450982,299733.3332264054
5.458955364027377,20.367327668885192,5.634778232227116,1.4439334245869833,298.6910189518103,3.3224327790372916,37.82706036214646,-122.23376573975409,299064.04658377066
5.434754390817888,41.873734587370635,7.515030121253005,1.3273093508611138,488.0852650592126,2.7276007798505457,34.9514169933488,-120.41677071410616,381416.1186013541
5.77277241240347,20.99677242213321,6.487789030422049,1.5345522844823352,805.935921083759,1.1171798756382276,33.19311870717307,-117.46709755240516,435910.7300405538
11.801501409080203,39.289252109763844,5.455029980825476,1.2333479405043513,877.8852223895419,3.0437568994102846,39.44224186760634,-121.66003521209372,513933.0269923523
5.88331619048512,7.399801136756685,4.762514916941579,0.5,916.1570985369805,3.1131766329428285,35.34126201072641,-122.16338461218115,320189.363313679
3.8709734730186076,40.41134240291903,5.230073590908355,0.9003444194118538,579.2097751899846,4.134963110302573,36.79755468172136,-123.90046374286635,247609.3308054245
7.992089987443694,13.08359957023908,1.0,1.5788672108991415,456.0382095467641,2.1080343997974387,33.7128330323319,-119.28356902898277,445856.6504933053
9.14934501216053,35.547049624332516,5.842261762525048,0.7769634639606817,15642.882231844485,2.416870931200757,40.12420888224851,-119.71354430684818,485863.37554042856
2.145634495887796,29.854859296890815,4.374200231768245,1.0106109979052245,1647.1260707419267,1.4347618429654498,37.872552830778545,-121.66132256362624,136063.796075943
6.413723823204276,48.386380577796054,8.744606996394058,0.6820654744387715,1005.4067610302291,1.0,41.0650634489937,-123.46347835990309,277862.95661064214
6.825759694231232,20.753448416741016,5.440622548704685,1.8135690380807077,526.7844764465419,1.7259048343327317,37.206979849120664,-119.70744125404163,377888.616366892
3.7488978794940078,4.374424630556463,2.9031768189765805,1.7725969829672064,423.5964245467997,1.3700361041315625,41.44354388226986,-116.11794888928368,186320.88693337145
10.23101801772938,1.976929763113898,5.295251676330953,0.7464524419437084,583.5904229833894,3.555003855239976,40.9727479416226,-116.84717868672823,503687.36009582324
4.095818797145497,43.16978660961041,3.2031457213687413,1.1589192001556337,891.4317193166987,2.318529089978155,37.97636863636272,-115.3920511013983,264571.46981717594
4.8324127257538905,27.76151752073304,6.39415557299618,0.8278023808943811,101.44983663165544,2.295341042715361,41.371987662423706,-123.90417312286844,231495.95113342052
4.039645357931372,40.53744664358241,6.010989465112919,1.3459778556125515,138.4640056192627,1.8363749214103868,35.569343099298244,-114.33580683195402,270869.7971969527
4.523777742674373,12.95570560058725,7.4114632253273625,1.3038732308969316,351.81927169475324,1.0,35.973600545690005,-120.58587747372552,312492.5848593149
2.3215497256349136,18.59927102117492,3.739148237441413,1.4246822286453062,818.2266993515865,6.386301937736212,32.93204053740735,-114.09602203908035,236373.2474009827
1.8888524407181309,2.535297482777266,5.471417002079109,1.232767379083155,523.5993815305399,1.8218723547394153,38.09740861425661,-121.47380539398225,129624.63925164024
11.666284765910364,50.03610855327972,2.5334542296040663,2.274162482555387,2916.4465699346642,2.444376218637117,39.35827771432487,-119.28463612421756,546303.382378601
2.6961455824278513,35.061263241741486,6.873139042041901,0.6888304939957045,151.04883770063455,1.4514367346636523,39.84843230729998,-120.46072323424697,152046.19197847493
2.4723388126231955,48.593459475724615,6.489629478924257,0.5,313.7682105629771,4.884003005965483,33.923254717437985,-120.44239285005698,251069.4840793677
1.2311712250933584,14.540316778882689,6.441190544157899,0.9427639197194155,3041.4563463643613,3.2275213815482795,36.71951118696875,-115.57717901251785,216369.79689214216
3.054521498497683,32.184644172508705,5.403399965849577,0.5,758.3305138235478,1.987380335871208,34.1802005148922,-116.53581060262661,307632.1618838663
2.026167593860803,35.60349838292453,6.271023070656462,0.503015091997603,1611.374117027796,2.469177734806402,38.790209814115364,-114.07848564769952,179178.73507741673
12.003629904423752,17.195034713137012,8.769112127448054,0.6994741383208133,5173.20109531334,6.952421116940691,34.000490538006794,-117.86485317282488,657061.7851250025
8.214412665882632,44.25357098579713,4.801302060211771,0.7311244378273491,332.3523103758088,2.8965352578747967,41.08955499758271,-119.36743395605497,387689.36144210084
2.9656902150397655,49.30523460791264,5.691154885791178,0.718152759219976,602.257841775449,2.7432222447688708,34.691029133783424,-123.09926137053108,196506.1231666182
17.313066115177648,46.127611002496224,3.1191347717190396,1.3072875801781647,506.5247053326688,1.8763140805945326,35.26832152973832,-114.03438580486143,800000.0
8.077313197682154,38.692415772908,3.5766519806435024,0.8975243755658656,94.19875788081053,1.1649864135535297,40.583610060434495,-118.48469347067717,355098.24072309013
3.6880621956958057,15.150698665972655,5.605407915495946,1.028194170051008,487.6525654485504,2.7731411397988888,36.855442296384375,-116.99522530309858,271438.64031845256
1.000356634654879,15.362418147387219,7.718260448074005,1.457693109800374,1605.293985586737,3.535103424349613,32.72796148510069,-119.93257612808688,180157.38244384158
17.71772486931784,50.131376342747934,4.861810269071698,0.7934709900874295,1142.0607007361143,5.2058980966265,37.198569386425135,-118.52284291820764,800000.0
1.9469353481187508,1.5245092927202935,4.90457528844454,0.9941816405181112,1235.3173373659909,1.0,33.30316168611117,-114.57422268107112,282807.89819028135
1.6698950027141921,37.51854863534937,4.545540986540813,1.2463039944371663,456.91209466461044,1.711639762518156,41.860774827529454,-122.33580562068397,95623.6606760923
8.277510502221531,37.01855429031837,4.277010991226922,0.5,345.1236518560449,2.2470751892902223,38.087059919328226,-121.07627415669745,374019.778974835
19.37244012255433,32.757166588439674,6.019440056988525,0.5,2366.709024550715,2.9989420477235735,34.93705986730429,-122.47940272221967,800000.0
10.28373675047962,51.49555115043015,2.2557589451248465,1.2384469315190891,404.51258708049653,2.7940248482729393,37.85531795570237,-116.07784096195225,497973.8608614913
6.286129075887062,16.905851223949988,8.089973111000129,1.2968057122267596,892.5495575627651,2.8268291934240177,33.23023748212667,-123.3795473957817,364250.5248345656
6.40355051814834,18.338565053455657,4.002613173928133,1.9256880539409644,783.1581699831331,3.6841801921324464,40.09896739055376,-123.18368350148661,276443.71179797594
7.478627869614971,5.025909550274333,6.915997319420097,1.163237950346724,2868.9948365957835,1.9123893801675158,41.29061651170956,-121.01505887212632,408069.39005890803
7.066442380318907,23.58270496373061,2.733002945472861,1.427895886903238,1757.086568618185,4.792588782743599,40.80722168795852,-118.85811819078988,317963.65545910184
5.305345272920136,14.313474837977253,6.804564274147058,1.0218109425656106,182.13376312195538,3.7311862808347414,35.74669722183635,-119.93725199440414,389332.0123945939
4.77083175764555,18.512721811059855,6.811083676410445,1.2188908886340346,202.84595187907547,2.5601961276904133,35.594797136612,-123.55183689329192,309153.2438966627
4.3164966960090565,43.56316130303701,6.206824351212383,1.7669027366998136,1186.674122387608,6.688930500368019,32.83333230655485,-114.42508442129048,336825.19655908464
2.8508615495345375,48.70971018990228,3.3117001042204364,0.5,623.6955524665151,6.541771614063773,38.68830340765871,-114.47130479641916,221573.5742296097
3.7870787892041724,10.472386672264467,5.924051198155962,1.2654465030286723,421.9252712656642,4.789603721366896,37.581595449803054,-121.20643676759241,246937.21422425518
1.6229182401077888,19.99795550922676,2.9155820120577833,1.9542346920309466,1836.5202360178537,1.0,36.863790527609744,-116.68474384731418,135536.78038346785
4.224902670277795,48.360158667885095,4.869197164298011,1.2128136876837372,802.2813702721963,6.615878191547679,41.12249405667971,-118.21424588616776,257626.6668662161
2.4764976786867363,4.152231495150354,7.561767512006185,1.7602291852931393,700.964600292105,4.469959111355901,34.09484956028704,-121.62523304994376,238094.84812490948
2.3113838390050345,5.710386933680304,7.073074046848559,0.8483151401882232,1450.7394062042238,8.192378893343866,32.591829533556734,-121.37828448258385,227600.19047935642
4.992498524138605,9.302340449517697,5.43188417933491,1.0871810023345148,457.0948895220028,5.577453419938732,33.19650629514727,-119.0884682568955,326002.1748422417
10.331540200825343,31.355854540470613,3.3529061905620323,1.1134098809554351,3192.3703793604823,6.613885738773303,34.622028659360005,-119.8076305850264,573683.7335107822
7.7755948532975925,8.674085821305871,6.755734195565807,0.5,302.46101005003896,4.661454039400877,32.81621271800284,-121.08770671768735,494648.29339736886
1.7466499479350028,50.371895453987406,5.4407005991658535,0.63272886885992,1282.9649767930762,5.896427147865066,37.27701525110979,-115.92488403694851,179403.51337976477
2.4749572374113575,23.78244089018454,1.0,0.6612499682464057,2790.1003409302803,8.142211859928453,35.48385932471899,-119.18537082362616,144540.00086722322
7.8810623659209496,26.577415977858486,7.043522635264688,1.428826431213011,167.78854245257045,3.347712809367431,34.21458857664726,-117.45151937610872,518499.94036019384
2.485583805822702,13.579589406075732,5.349111048873647,1.448861242273622,471.85173909141156,1.3687319509304987,39.62579871201229,-122.10726499832124,174734.87237358806
3.9165850366629305,25.018972874171407,7.925147620764452,1.2296145770826135,2084.339698868643,2.5760817680465524,34.44228759920904,-118.66492337483513,292719.59052209894
6.234081529218918,34.75759526448759,3.0999319104301106,1.4296411587422824,2115.9190746045156,3.650896667275835,39.032248459441035,-120.82023950553379,255543.03471622846
2.506765626275712,39.31003398465618,1.0,1.0343402349112905,560.3179551238894,3.118785902221494,35.81801660555257,-118.73586389605121,185531.1598285416
4.7741946674992874,39.44727221820556,5.986076102524889,1.5807726678158174,319.043962357731,1.6107807783176782,37.36236372629427,-116.19174166589072,269088.683882782
2.012916575744647,30.472446747398504,6.012283721032143,1.1035153770528288,1730.102306296265,1.3290523738272522,41.37173687858754,-116.31086789908738,153068.8227809691
3.1242036341168564,47.12234852468672,1.849589582026451,1.1231456189707028,2172.3158785255473,2.073874642673863,32.854840530750224,-120.45779321965725,210265.29673122533
5.4296200574035565,42.68780021261158,3.3451509536801267,0.9937629466950355,207.54260657566385,4.499065812451904,37.252512821035886,-117.05722882920361,345324.9845065477
1.7232357265471632,39.609453849629894,11.185957261811794,1.3737801910545713,199.55429427018808,6.620493310741611,40.61701812311237,-114.58710049605723,167480.72076325436
5.83739620889561,3.835881605703492,4.758217710277013,0.9315204733548348,833.1858128884243,4.7506611930152065,38.08575535951831,-117.74330670075094,374821.31794050813
4.429192646657898,1.350776073202115,6.935013850390054,1.4905725508792274,1248.0787319387557,5.097313537322223,35.13026991116899,-122.51589876617363,277709.7388598505
6.24320687503831,11.83481113696912,4.033614362526395,0.6471403437135974,493.20796202848265,2.8851942058630473,36.27797078387783,-117.20291370720905,411681.00717844337
5.1261171432377015,34.83970328958607,1.010363912408371,0.6604334981087225,1311.9814359588854,1.2572902013083767,38.96252347292146,-122.95095613650689,284218.77604423766
10.160262292258775,21.971071933009835,5.042457681728599,1.374970702050602,326.96835521205423,2.3926216981187918,40.96271299598113,-115.27889591206973,489562.9261452938
4.831392370508758,21.522719224264897,4.8422304233991795,1.064582314166795,80.26281204564351,2.639574669296967,32.89013055059281,-118.8333950419806,356882.76114903303
3.4637668273879596,46.1139312997103,4.5602556987964205,0.9184434335387488,435.32763333327443,2.3430974639304725,33.179618807958576,-120.1485926368842,341384.60046790837
4.822914926563337,46.67370525472378,5.159254245436577,1.456023092990184,708.5581612975282,3.0874559439531337,35.587989474291085,-123.42993405350308,269208.30388719146
6.208869395301266,47.36793846673287,5.954963370455837,0.8570954343655663,504.7988535381791,3.746079700461319,34.71140700215605,-120.1921626540789,371896.0842658389
4.615019264160608,17.00778190226639,5.084754402367007,1.019919498279852,208.80415105459022,4.602076405378719,35.01684341911286,-114.9679333208421,365753.16276333353
4.59218072495391,36.243846449702346,2.7455870473105364,1.6596911800284637,108.24000435759638,2.614152799600819,34.60206498694587,-123.79017003713697,254334.733160153
2.941162723396883,14.853292244992852,6.420988062280072,1.7156569383242601,397.7848159504207,1.1596523908821472,34.360337964124,-119.25351842218195,211245.64097189726
3.0109614593558325,10.72110148679694,1.306319313822911,1.728959284108131,1632.1538006038008,2.3597628822207577,33.74092768525827,-114.68841908889378,301074.11710245366
1.9317703010386291,10.41625532471583,1.0942493397031798,0.9871496892264355,2336.0048950126884,3.07054539371303,41.37256425205476,-120.05159000234978,50000.0
12.803851779251339,18.447488664043295,6.952279038873293,1.5922811619937882,2181.38087497305,5.536729375915335,33.86979990710845,-119.71824312537849,685270.3364950494
2.124809303383333,22.92783860877091,6.4647425714842495,0.7204188688925288,294.1501834146372,2.261653264723838,34.44183586027259,-118.2143994480088,262291.02669292496
2.9572414206716173,43.378407723808486,5.279469733344524,0.7372388501111757,209.8291601157762,3.8816946129487304,34.83952437781746,-119.37062666422817,214241.7553893101
2.9123363854912347,7.114445767108317,2.469558140014349,0.5,1092.948768796764,3.4730874375423837,41.363641294739,-122.31398308762448,97148.66225924314
7.667224045203284,38.481218217139606,3.913387024584442,1.769147280759412,1255.2625232939452,3.070837318400399,39.67928426921031,-123.81444460930139,363590.00621711434
3.7547818701574953,28.104200623654574,4.848231829858342,0.7544080603695688,992.4430248297713,4.783950452435391,40.00214458799739,-117.90188342021298,186572.84110411638
9.474890968351067,15.685212476475616,2.0486226659943623,1.049386968101176,88.76005571447807,2.1588580506131847,33.49520346561573,-114.79193412992188,527495.2082991531
2.9918909894875054,26.133798811174053,3.848039818151211,0.7358702632286864,279.53161953313247,2.2533247116266266,40.44494381264888,-122.93635866972835,140997.76404686566
5.298355542083825,16.297045558628156,6.769893710171028,1.3780660993320564,645.6846390324083,2.986343079264657,36.37783427726547,-121.89047280747246,314332.1043186892
2.7149994967971867,31.400179717153605,8.397341265007356,0.949746535713064,1082.70540735681,2.181312472951548,34.99681874901769,-120.29770514175027,203456.0206506211
16.233702406316542,23.126040065617453,4.5191870194170445,0.5780732438268203,1432.6875466004415,3.8729099344116564,37.96962579344295,-115.9125777097888,800000.0
2.1977650300969307,9.384681983022816,6.988625544063807,1.2766650256744243,768.356272666504,2.103081915751012,40.31073760525897,-121.30739683529022,159553.4461899955
5.397265444478497,6.945736802340533,1.380473851766319,0.5265079900759086,925.9162673579933,3.36407186173446,39.89719543521164,-115.17945595721231,285361.0084508821
6.555249169092867,28.88147978567864,6.784847606338585,0.7650377098738035,724.0536257520782,2.857404272266809,40.95497608452075,-123.45042125349934,294448.99752425577
5.7447101558044755,47.02306469759127,3.71170832907229,0.5,1320.3067490387618,3.3449875860863343,41.31725576714672,-114.59043378741065,312240.371291954
4.010145017675285,18.54184201444196,6.045425795086738,0.5304167551209573,909.4733097796558,2.3872195069440747,34.76215967856362,-118.39252922126235,339812.04530772817
4.145848947994514,38.38300546835379,4.879719921696611,1.1714116678881912,710.3356892406929,2.5356648039400747,36.52664999460808,-117.41222321512295,268701.08292776864
4.601060788878603,34.59172910192812,8.172869420546052,0.5,508.5844105679473,3.1518974419016432,32.63897112244817,-120.32310477463646,367067.29711101117
4.103329835221223,48.50930062978353,3.5636851384861723,0.5075417101513138,721.4704528918311,3.323562510907344,40.85355576301807,-116.1800571448894,232206.8660424365
7.991092389955888,42.870031882256185,6.717973224879845,1.0990524335468768,1079.8650718479134,2.9978610238081114,33.96843543901029,-122.33433749915594,478997.63785439957
16.88311146969602,29.896868204178613,4.81303432707728,0.882557241562779,869.1149446981238,7.0475580311186965,40.684010717255596,-123.51088174721512,743037.2759350096
3.2075420553723264,34.508555409939476,5.067558496179706,1.8968146543837237,973.430488286197,1.8305775911416473,35.629179558872664,-120.04483056892443,202855.28530293953
1.9701668059818227,46.81770979578578,5.01390682436566,1.8335586184097503,2547.1283373219903,2.9092581066876058,35.997269104820816,-115.4630428601896,183085.58491078587
4.250475125781115,21.375458013933674,3.6240864805623634,0.7528310148995386,867.1083349204266,1.367775214675913,32.871756417596664,-116.45073163362305,345691.6917469596
21.06948115292911,17.666529998746647,5.37039217159599,1.322855047361393,347.5823027912569,3.618431842610819,35.60534850277054,-118.82844029511043,800000.0
2.767087323507691,1.5513652653950132,5.268438733544175,1.3997130227517807,1609.3840159726446,1.7200902008614083,40.939454986612006,-118.27862252834646,164707.45742891362
11.982773578154283,43.15410478376467,5.906604521654132,0.8610084567902387,169.66088697656897,2.613903955195713,32.74270031065524,-122.70107173701244,662681.528614566
12.263415596016017,41.85001572057161,5.5774608059550115,0.5017833854007185,225.56009480778977,2.494199503229805,36.36011099394389,-115.59318491382417,653157.2771401627
3.2150633273969564,6.327180423107721,7.075788554185697,1.095080620276777,930.6164953192322,3.4571535023702253,32.798296483221044,-116.13040317035804,324440.38696275133
6.305295573312352,30.41972643776771,7.339368093699475,1.0308617300743557,1114.7625123352275,2.278698715523347,36.023772538536114,-117.43529606113057,450101.5497096276
11.905946412951968,24.663066606511258,3.193691024161618,0.9256942012117524,191.5116757040386,2.2307707446323657,34.14008608741277,-119.33808963671062,656836.2985389535
3.569849205013819,7.054163870964684,7.22442225124062,1.2769267472657941,453.58492558011585,6.159085027663923,34.896074736049535,-114.35540731720488,281599.1216646105
3.966371845164005,51.0089795800969,2.9086935030693057,0.7997081571977606,362.823383046385,3.4635130115514112,40.83718454503348,-115.2096802812353,192963.34472760014
3.1613256579280606,11.949490260631128,6.634497365089244,0.6392009809683428,408.839916456632,2.269307171215882,36.642467595907966,-117.55569506485381,296084.4355470281
2.4379218158741067,4.4289431846186185,6.701451447876025,1.1436331881399329,1708.88736891754,2.650062339588311,35.10108091831817,-120.28199002282712,229940.88476268866
3.0356739918691704,31.337216354597388,1.3862345275087415,1.2543880370275504,1348.1727870301004,6.839245893959181,38.09871459053021,-117.81977721318488,133300.86361468898
2.150361225618316,38.682200533784666,5.59525641771176,0.6293420224399788,652.543510770166,2.6709055197112903,33.850016118409535,-118.24559073469335,193440.99702081922
4.574283529800781,2.654615748406535,4.416158161943337,1.4712362443964326,385.3060959769884,2.128381194995923,34.96422027049813,-120.05758012165083,330533.0941395418
2.8236095856459333,34.59459957507813,3.8065929583357128,0.5,172.49190878547438,2.1329413122670973,37.68935569222744,-120.93326028311924,199913.00916125812
5.156569573516685,28.146885673524178,8.236789894467911,0.8687546165137428,2752.280001976844,2.282877616119503,34.75646889755665,-119.92989207762677,357036.7699316447
1.7620230555047165,6.266515452627469,4.02727380466142,0.9967965855209565,1202.4469688811544,2.231672130488771,38.9517135053083,-118.26088593966603,218432.71826427884
5.465896430244646,9.798717724264465,3.7066084488520956,0.8455105149392281,328.1040868258643,1.584352926685574,37.16916737146546,-119.71865155288906,342911.139332608
7.389923454815184,29.966689163120105,5.558959374010697,0.8739758105795231,1365.941888173137,1.7124069459157936,39.83389616741957,-121.36425511798616,356672.43799755024
1.354941953213369,16.114238289177706,6.839738467226675,1.8484297929232456,620.035279863194,1.9844460611862431,41.50832308936345,-116.39036682239191,103985.8452097904
5.609344915768129,48.85410216121712,5.102537969378734,0.7596463643844407,499.1419354759074,4.038145327553482,33.60014644880037,-118.68532504042587,330768.451053144
9.361461256800057,42.75575170368659,7.84937814590543,2.076488688988766,1027.8366455584794,2.482786098360559,35.679317594853174,-123.323248367744,506559.3891105421
2.168889724207433,51.16192753219681,6.51504889012459,1.2748507118924208,316.8732178182032,2.7085654905264627,35.53571609734486,-120.31683494373874,168387.18440720296
12.225738372464534,14.243212786471114,1.0,1.136822054924797,471.6529692319392,5.669177313703195,33.93623773370391,-115.15086542788006,711799.6248185743
5.762730489032595,50.455905272696825,4.288119376635283,1.2904961413550664,751.0416158920023,5.740254658669472,40.19787980466797,-116.44763468800048,337212.8293347085
2.935837866204221,22.99292735936945,4.220131591361432,2.111971099700781,403.65025885023715,2.608923093753012,39.718847688368506,-120.76753216055992,178776.09062915298
4.334206521282461,18.723458561001486,6.406658002201787,0.7025627984274209,1298.6560620229043,2.1914605616421796,37.10204197292679,-114.61816847955491,288816.7098096302
6.265110009134568,3.5678258754370153,1.0,0.6518328324254443,4311.6093120777805,1.9499131695790408,37.60882238904879,-123.2339709164179,280952.09578809905
4.6908004280011575,3.691028150839734,10.752920388307217,0.7980535213712316,312.84312518067105,4.247743432433017,33.06566931102371,-114.38765296107812,464301.7083451145
6.191971883308845,36.29257405327939,6.515154799277841,1.1128572587858245,125.8228170852299,2.7118915578599814,37.77731984710693,-121.54294907515325,317914.594682539
2.579500676989381,24.35437871613542,5.712641288227152,0.5,89.86062263146879,2.4762679177343383,40.01774447818654,-123.9090581969758,160351.52036260942
4.961045448438847,12.552602927841392,7.881292204480207,1.1089356957274432,572.2247641439565,2.0000410641641175,37.95136194904664,-119.66191963481673,331547.3753831261
1.9189368368310697,32.31248562258686,10.321673510906512,1.777418853365469,342.6931395550581,2.0445276718236487,35.02041051614398,-120.41029570312992,220659.96464351434
4.192362272246052,13.89576403075567,7.228567953635647,1.1605629562499111,818.8169061673524,3.525524063627975,38.8417085871762,-118.60910994793207,248902.02465626158
2.6055803021064703,30.459219471565554,7.392507502590402,0.9829258164098893,759.4524188081093,1.5562527791933978,35.93414008466985,-116.03227139430155,250197.63806595828
2.882569357488606,19.319646096117207,5.674449051375204,0.8527358205265492,133.85848413957982,4.940340949294334,37.67629620071448,-115.57569197849553,235598.71601175625
9.408898638345255,43.00116355720277,5.102795917929409,1.4594046818206259,108.32285549957065,2.3003877095364076,37.131870951149786,-119.98770000388308,517313.17666593275
8.626044632168695,42.855504199105745,4.400829567589708,0.769666890704781,894.2033769940017,2.787602835804279,36.12116250916921,-119.7015425629365,431949.72574880806
6.4590540329515616,25.344870304242466,3.6651648173994618,1.8385583682396993,761.6055987270965,1.5395821076460614,39.32934081374428,-122.51822269670527,298705.1919325996
2.3270755283768465,18.891774576085794,3.957270390631056,1.873343899085743,434.493941777452,2.985648663311782,40.89682306386588,-123.52452391118837,96360.35452609933
3.7067479548647126,19.49054962451382,2.5638324748797356,1.2027003194647152,126.83111709671688,2.549352814326394,32.54951892553078,-117.58785009764975,314504.3073557314
9.279972839237388,42.09144080907911,5.240669953561452,1.095393964769342,1065.7043944635925,2.9298748258742693,41.36935693268849,-123.35562374447308,375157.5892382819
4.8794384825041694,17.73715362267821,1.8621980878245878,1.512263923296624,2372.974582905073,6.270489671861546,37.35939379279064,-116.66169880578543,241688.860841973
18.022080922136624,11.662028059049147,5.800924700701793,1.5379194008909303,878.2949228222204,3.2833000286140614,39.15695286345102,-118.60909854977753,800000.0
5.674546814123357,5.319105435640648,5.3237057231110825,0.7776033075762339,285.01052500672995,2.0191374351735836,40.628433378670834,-122.01417021773916,236034.25166273426
5.029041804763134,24.801349165104828,5.708564126612044,0.8893779467453193,695.4451649132093,2.105051736467718,36.93748507698557,-118.6047705648735,355720.97043533204
3.7230012158870225,25.588737044911937,4.3035237029580165,0.5710610261266819,169.67518265124724,4.045339965981393,40.432253696966455,-122.170022833979,165807.84595826326
4.855560499018821,43.88634423054827,11.861406777379058,1.263625975333623,1915.9343882935343,5.750844108404966,34.18738828482442,-119.61262792489588,316620.1569490969
4.089890095475057,12.283173518749262,8.256243390378657,1.3666511533827563,721.8694710501637,3.458929023502693,34.01209157755824,-116.00439683757772,338983.7473760987
6.854224695354316,20.430554957088397,2.7864607498220826,0.5600297448554908,113.50456861736856,4.239122847605333,38.74597800413346,-119.38080706589362,355174.66768348723
7.956756087325032,42.22869268357824,5.889022983596487,0.9179204380735364,492.41686264787074,4.0749923185325105,40.7663585527415,-122.51300681702452,342545.4947052682
2.796605397640697,43.00480414819765,4.123187099831621,0.5610984329674604,1057.1178878263015,6.107589674204202,40.97804868659237,-116.76171318177055,149778.17136723048
2.016292094513395,20.615164874917177,3.269592573914431,0.740480075902465,476.7309945226614,1.1333806744294361,38.61553435458384,-122.13231583729991,140939.57240142446
1.4892561634397254,24.415325187620727,2.585848650639737,1.32040682409052,504.77070595962294,4.193809333235774,37.49214768698852,-116.61450125629891,130026.7336105058
6.078723942957023,16.46758043331343,6.307655050594434,0.8066071733286884,195.50731448141818,4.91291780013143,35.6482343331169,-119.20647710784166,347488.91506665037
2.311692722063881,48.56029879938492,3.969101506353895,0.9796696175870806,1172.0867510696714,1.5382388327973975,41.810003948193646,-119.46258240905698,96493.89207368634
1.2315402776666924,7.050832052820596,7.4324346504529295,0.5,347.76633391500184,1.929316717784916,35.53710902332938,-115.48564962142525,253680.1223612828
5.658433927748923,48.62122057307497,7.486942650513923,1.174796083889866,76.98069090932896,1.9632644543106816,39.56976801870014,-116.91396475659332,380727.66038619063
20.001348783592046,35.877189043602506,8.285220208944045,1.0822906720621406,458.8588421543285,2.086743885962086,37.553827099097504,-123.6708920304506,800000.0
4.465394003390968,28.11017978702329,3.6099877912443827,0.8084162999867353,1774.2795205102975,2.36113273071933,38.28086725399079,-121.03825685398398,269738.51979286195
7.411956686235784,2.6656121000092896,6.398267782453222,1.0243942809270103,451.72362937905916,3.3915987114627586,36.23806523059195,-115.29079339150101,479537.8925377923
4.707220540870203,25.255405782922423,6.7281538549488324,1.1721179522013778,3781.9120162165873,4.6312987002646535,41.66581969198636,-123.81673831454802,232324.29373987872
4.223508615526015,21.795153355139348,4.404225832281674,0.7740527404362625,1021.4392575841568,5.158565200375085,37.93098209794307,-118.54746553738029,234852.2647958411
7.779140758918141,9.222159410731251,3.7792788894749627,0.5094949823992884,933.3293711412456,1.9760274074887676,41.40898248935851,-116.72174330826056,342026.76171585295
3.7653291214490068,34.476889778533504,8.779993398129545,1.8222297730747261,584.9940838374785,1.969241613075082,32.57211845365219,-117.78143914515424,356951.3169761134
5.261601186165438,50.52869627578258,5.877741339037313,0.846690918115891,621.2377085815453,5.800307422390278,37.94037054031565,-116.39467797895564,282457.5255307667
5.435865120535833,29.67162936429078,6.73553227649465,1.0612959587252444,511.1056727846919,4.151094223117449,39.31327545239008,-116.74308151085255,279856.360824525
3.0016007443500743,37.452417098641234,3.6736403751613524,1.5043358940081255,491.63206822479935,3.1312504229801137,39.57826162604107,-117.07969304846887,141212.47130433543
8.127272730042627,4.490973080866856,2.839502620303393,2.511622075028194,1131.0109548636672,3.8063409145142617,41.09728037692597,-115.78460139074348,429362.0223537697
4.035072002234911,22.301016786666732,4.204155473566568,0.6022054200444538,260.90823884769827,2.959730180883842,32.54181528553597,-117.54309331550462,324518.82898352604
2.8478174796778553,6.934282743389289,5.139555086481007,1.2799308854906042,226.80852770925958,3.9051349522284196,32.50313651296503,-119.97581505743018,283715.50309019
6.183632649507801,32.252587612362035,3.1651379856835677,0.8169790858823576,216.32998475475915,2.5394985791195905,36.98650287755454,-119.28090890085413,357826.7354671833
2.6140982770682175,48.86259006892188,5.379325901834196,0.8844838781693157,5144.351253363853,3.4363245905340483,32.77829019755102,-116.8327521731855,241299.25418307105
4.558112873877189,34.75066435605356,1.85413910505615,0.8119151915972841,1130.418166013383,1.4116044634809972,41.75805925979256,-115.23693970333206,229231.61063596208
4.457234925965847,4.916955464035498,3.0479004128132687,0.6497380128797661,901.8896755664944,2.1299699094170226,34.609619158143225,-121.27781199160225,271229.3358166876
8.598066389067231,19.087976454239225,6.808913621381438,1.0834834552861354,231.01562055980176,2.141474074154728,36.99031492896602,-120.5792320402893,466588.4173736218
5.958501002096133,29.083832351483426,6.667960092583578,0.5101989251807059,1240.5899364621043,2.491300799227155,33.080807485116125,-114.69260603637588,411932.22700973885
4.414894000199708,21.563595562795864,4.5770587926875805,1.4787230266047482,591.9538368482536,1.8903147935005908,37.459459953626954,-118.21488207590555,291315.91095405
7.320361994274204,43.51584453423379,3.262694950938399,1.12200117441335,823.9986908481975,2.300733964637393,36.10958318890038,-122.21038182864999,404113.2947622656
10.320420748340705,42.54822124020945,3.242452541795377,1.268973989160576,250.48015207103631,1.4088770502257446,32.92427027433362,-117.36304861087618,562363.7891652703
6.2631683533801725,32.20338202526429,4.616136683523241,0.9135245552215109,780.7608222493685,3.9525076998567825,35.68368053361414,-114.0923784446062,444307.3506599122
4.509614043461027,20.046355201767966,6.753488832455112,0.9531184263153007,435.35703379732047,2.8827457937110927,36.21864219211713,-115.765464355296,336947.3513799345
2.039894846287126,14.022155061925451,7.3493159518230815,1.2150255620669312,309.32386752296554,1.280686415254404,41.90425416711193,-116.54258863448597,167777.2691317229
2.365363718164343,6.399590228869595,4.357283355487866,0.6343797470376699,1385.901813773547,1.9789868953156275,34.47491578323407,-121.91953345733731,148124.73571518384
3.7317047895851965,19.099781857814257,2.9776659054319543,0.9568038262346658,142.92102307001133,3.5548067928699014,37.67540634601595,-115.23860215315993,199302.1688028298
3.1089737216859286,22.071798377593694,5.9624716395193005,0.7561545944486184,1170.0201669049509,2.2898562136760647,41.87949771738697,-118.74211156464453,177530.74851978672
4.006096068898122,35.46696918030776,3.670576561685716,0.7437724757635944,1318.8113712113511,2.1202399578228115,40.02418247543128,-115.10709977928045,264089.70692982024
4.6366399487449526,34.56615103917625,4.311669458391475,0.5,275.9877068837018,2.894185318264828,41.93699125837985,-120.70172170575121,184177.4398303556
6.158391680417948,4.575515121704104,8.18307978991778,1.635730635792,292.8532232219884,3.5672634726745516,41.698833989271606,-123.37948947364568,348283.6093163421
4.296070351691526,21.158225086989045,7.136942399988113,0.8253844987384925,532.176030352921,1.4649538957271624,37.150625649894465,-119.24024031340254,313763.37971702317
6.000849162490073,10.270722228085457,5.731746055728049,1.5653504220654202,881.8625549400671,3.9553308076188514,39.11557057377038,-121.30162395182123,287840.75116992445
4.658458730427557,8.99744797115709,2.7289700976632822,1.527516928557717,570.8605779847186,2.0134574308053566,33.54920970594094,-116.84770710223702,340476.5940949695
1.3698757745087191,43.19240963659954,5.843932791688384,0.5856001173934026,1026.1430697313485,2.9773570644576584,36.69091383794462,-114.42893447143967,252453.0283595762
2.550778900506773,3.137676052529134,7.631580310653806,0.6646355057308617,3877.630896864064,2.951430386611022,40.18567615153363,-117.09025848848437,165187.462011668
4.110511472244674,22.37832667100819,4.611169301892375,2.1242011837422736,400.32760758212424,2.3081975553311525,37.30068554928286,-115.13066070290796,306943.200617447
2.168819812280228,9.578386444092427,8.237339588972102,1.8003703767708576,119.67982228375887,1.8006903640142775,39.1756408117637,-119.46975986398793,173756.23871552988
6.423462085455789,45.845840999602174,8.114765107988235,1.0873925946687584,1519.1763364149895,2.604281251373575,39.58463763485063,-116.28359262804699,395160.6465404664
11.228447342610318,29.40906617702679,8.893838947501294,1.20294924256694,3580.7035267053784,6.77111082886584,34.90795684180749,-115.56956563328296,691979.1786439616
9.311564395101787,12.800412455219249,6.041010565715841,0.8476614388211245,985.1248289599632,1.5206874232606709,40.81914404295437,-116.89124372416458,475839.42283780535
3.9429701222135956,26.6237916454852,6.6335225695926265,1.2729410856801362,224.13562214530626,7.001724735924548,36.8683130936372,-118.92222713930435,291954.55993897055
10.96201025480284,38.305804344858906,8.369793305495289,0.8131272397110114,587.6359577926411,2.6383122525982903,34.496758484404666,-117.74133890384633,699925.257764398
4.8998298220581855,49.864018454891124,6.339527267844849,0.5,217.34294892252262,3.0577694386646717,40.72145087699022,-116.9949300432112,270474.6338426923
3.6610442368297944,12.242746216516366,4.347408373640554,0.5713776853955796,1265.0355378928562,1.7448081279993595,36.46927865800941,-121.46915596778572,258332.52914063574
3.1017249799418334,46.195270378596604,4.458060043291491,1.108437099140235,172.20912775593408,2.042889631593366,39.62796816460734,-115.90420739085015,181533.30015144852
3.7378784387543376,48.649509822542,5.900965402924853,0.647573105798965,492.6855855933593,2.3362455498997137,37.70631418610513,-114.49675461032727,272206.7335614305
3.5505194221233816,47.73744777113538,2.689821013912941,1.0730890140345863,243.63279999322867,1.7809599462119194,36.12778164622775,-119.34760684820064,214465.8510610668
4.96418797079451,33.406132199957405,5.0991562777351955,0.6701355842268548,755.0807409108562,2.7061880507114027,40.19382594286641,-116.98932816890122,301027.6197596727
4.93495911736832,33.12085337617009,7.702748948283533,0.7870584309992026,461.12000463475636,2.450990072368722,38.05246435062382,-116.62974094209646,362254.5332911017
4.489887348830303,21.56374229237496,1.0,1.4412661225652768,793.7448827446641,7.579070533442664,36.210339973056804,-117.3775245247852,255691.9266023611
5.825022731501319,39.372291997493186,8.622412413768481,1.198992219056042,680.1752972124784,1.6770107736170627,33.54117976818371,-118.52884891671364,457671.8807281835
9.155801891770537,28.09599493589753,7.756985859276636,1.0961342314746612,247.97823303080474,3.162444354153637,41.00673048078372,-115.18352045425189,538884.1353169067
7.922703362742016,35.54934163264302,4.434494306756,1.4515855892282605,1244.9828871322275,3.4005022488104126,32.836961060745836,-119.51073290731105,495297.6445226446
1.838704447365415,22.85135309628857,6.5411207385308,1.292243437338939,633.4837499170917,1.7591658110114667,40.700279809496536,-123.38897043513397,83371.57491182936
0.9681650684925042,38.30631966620009,5.406610226503286,1.6786253165005471,247.51495195764548,4.235128829060327,35.919634486389974,-115.5544362428784,137135.795292004
7.850615581486669,43.048047397832,7.982979773721235,0.916056295073944,6253.687421559473,2.4616614140761337,38.57371825326336,-117.2601872768345,418894.97352098813
1.973626633354631,8.468249086743622,7.463634599816877,0.9281460085889965,1071.0879287137623,1.0,41.26089737643901,-115.50741373500354,206573.05446597002
3.916274263515829,43.479415494285625,2.459851481315681,0.5795562934434619,570.6291058051364,4.17838499084784,33.941212847287034,-122.61452557555306,193072.48599250158
2.220943674937321,28.55512312130567,6.633251068274772,0.9284077130510322,2738.6065912805184,1.7186336024847773,37.8860295185687,-123.69247059490284,165708.02219155355
1.5201541397575344,44.07796136360144,4.96818150734918,1.4859079577209784,4195.700583579605,1.7791087326837143,39.762112192516824,-114.65625459617499,109947.41795370544
6.202036072454009,22.996387023391744,5.57394839808801,1.6199949489048537,575.1613313396773,4.23740494860025,39.69704641083104,-122.52271694149425,323632.8932209705
7.067403074114229,20.331064754534786,3.8708390079633874,1.4841220672346673,941.4276375257933,2.525449985151817,37.493503188695286,-115.90347667929548,410624.70384933415
3.1711482921359413,47.66809735837835,9.071087845153755,0.5,247.6452260877541,4.753523227838667,38.43502486911135,-115.76790057819365,285821.41134555166
0.9468397911053428,13.809632644968467,7.584129821795409,1.5332580850642938,574.1020966505544,5.501842563514401,39.69650644426202,-116.91294799450998,158452.46122349033
3.229261040561512,44.0548285895933,3.846480555656769,0.5,545.0826563767296,2.1761032337277855,40.48976255869541,-122.68737788907129,179208.65581769036
5.669394961079374,25.68504919797961,2.597317725488512,1.459246929648939,800.1722633069738,4.466616772888457,39.73722442032071,-117.32601375439192,334028.6986045142
1.845320654254435,27.218867570114245,4.590087474946519,0.952886189371578,927.7483102870343,2.059101246109209,35.86304696022181,-115.10913416673134,209052.67988077048
5.002891032651905,16.731882355963684,6.312455556791742,1.3810133255735424,1164.2454209736732,9.17569333163389,41.96890081004847,-119.74468355199117,199388.64962153698
4.440709187023247,30.2251522315698,5.904432272287068,0.5670206608421737,843.5698061521456,2.124468169198412,36.62777559033339,-119.864831456214,251553.7405873284
6.344415009049754,17.585771010086777,8.03157893201331,1.5684670530824587,198.1961849790516,5.018061583962397,32.73241467620987,-119.5714169042058,369938.4693787719
4.815058626826224,3.0027401263242677,7.058831416579791,0.5140101015580445,260.22142267440165,4.580897835842988,35.94486104006189,-123.17728109323794,264637.6697396384
2.4996697808031434,14.871928872562158,7.4360949540811045,0.8326180356587289,385.1344062613251,3.5185321896019017,33.71393806845151,-115.07974430970026,286841.8371958228
9.188409942531857,1.3253312137361246,6.086396341281919,0.700762148892386,501.5781401253869,2.1484108284842574,33.65370484941956,-115.30817136019489,567962.2655525194
4.075046901445697,50.89609413989969,2.482472666556921,0.5,1902.2150282455711,2.785148669078375,35.174582881015496,-114.02090678209714,285767.08185906813
4.4088649540377665,50.25310770080712,4.989033084591507,1.1378110270353874,207.90079382257616,1.0234772963694307,33.00706719468398,-118.14816858501587,339625.5094364271
2.56008183443336,21.15292017108756,7.626188453808198,1.8224356471347847,465.2546787203291,3.36090411354406,39.04086578989085,-116.48808363548615,202037.00144923868
3.4350471409265046,38.146913571321946,5.291801850098244,2.166762088928004,1725.0468667279688,3.578013168594419,33.2028943999181,-121.97328093692695,215228.19554422406
2.6356197974531543,18.636111018931675,6.456489774109869,1.1388623148344992,492.8094191164084,3.21153722732956,34.43125077664158,-117.3247118177583,253932.42799814805
4.03995019548146,35.22575101138478,4.7306285379831206,1.5466725100270091,1054.0715908927843,1.0,33.38254728769414,-117.50267151242609,287463.2574399145
12.516216056545895,42.07693219534493,3.2373951180621257,1.192837855171415,578.5112290475743,1.5954914014252284,33.10009344357879,-114.98791264158388,694075.9258221259
1.967688127436812,49.284568479304276,5.140977465503169,1.2995532779072851,859.8717561092324,2.066702844381629,35.04364082262565,-115.69207277160926,249054.4295741931
1.702100644146531,21.41082606833327,6.048999630368574,0.9631405395491045,529.285220735265,3.4758166777835515,37.93304019277352,-114.61533537382238,179619.33853527874
10.834139318123565,40.94819713075843,4.023055789130969,1.178030770169041,1296.0357646711855,3.4717870202457846,41.664512786245,-115.31166527298393,575492.5069841126
3.9527272895431316,14.562350982238058,4.905006385800997,1.3149914818425716,141.87460336883112,2.7590546529632847,40.81778821632126,-115.31306105101149,288185.5722700321
2.999832209100294,51.50694749347606,3.427127191829437,0.8686161084494676,462.5191639267984,4.127297227055291,40.82137229173058,-123.36276673311282,86136.34089320397
8.36405044235931,2.314249536981908,7.750414326884602,1.069002280042805,894.7753459853394,1.7983666069557853,34.17263684235775,-115.54038047304044,520104.9610467977
3.1162509981420494,31.77996913155717,4.781642909065129,1.0766279524010047,1134.2140782612428,4.076005655398978,35.01661833822929,-117.92521605496881,241188.6633008299
13.404705849808765,34.63480506421768,8.450786644764985,1.43056132693221,2960.0239033862517,3.8090166260298157,33.225736509555404,-120.19555548234038,772400.1549178348
6.73121406115117,36.09032341078057,8.610370486135908,0.6735871313489279,449.87750434198136,3.628347703015132,39.895449229194256,-123.43485375611938,317927.4438403075
3.344285790084193,7.1397665182435395,5.229803474084338,1.0793831165569394,2920.4172002690348,2.7428013385665415,33.16325486411284,-117.22326225231953,328030.5536315959
16.352567652166975,48.86501895712965,3.282257661650566,1.8648021876210792,344.11509274173085,7.503517513652584,37.78860887279811,-120.71798249462383,788226.5768647108
3.1160651817602067,10.240347231554223,1.0196144567599923,1.565624061034375,2511.5274969429606,3.8443242671345006,34.854817937077534,-119.32223735013966,191670.2188591828
6.995431010819786,32.760423565231896,2.308722146643738,1.6396716195554824,1506.3836546776981,1.8511962807873343,34.812733523273074,-117.18271562944865,391834.31207153865
5.363279034726563,12.356480035277333,2.514946867712814,1.1097727360712137,266.8112342043731,3.4012830832784258,41.911888024852246,-114.88225452975857,300464.21066443867
9.786900165236501,16.668037268084817,8.29478621766916,1.2283990254744093,904.1897485923425,4.37646660894995,39.689408166296104,-115.74563084395001,543622.8604581973
11.437606225525052,28.869385628134342,5.643231633176587,1.5008944666811703,631.9208597982957,2.2388127444114927,40.45092390376497,-119.494028708964,532741.8398535366
4.568580250897819,22.2768643467934,6.2181695005931745,1.7241022118123723,1243.3748236924498,5.179125001975755,37.93383551076812,-120.12216842553622,257906.87313872846
2.8517968742190445,9.171505649801821,1.0,0.5,532.0451805421134,3.6364824439133105,40.77463573024062,-121.60220261155952,112606.82294603004
5.90608565204199,9.717756523463263,2.884270498643751,0.5738234771800618,489.1913757369739,1.0,38.63216012208035,-120.27573248824032,264251.7259497573
2.984316606683774,22.32538419630278,7.2628675305372035,1.6237776405610593,2615.1966717752935,3.489770548609665,41.488650195565285,-122.88953612708102,168754.38563213634
14.9997322135968,39.62143189205054,6.002225636003431,0.9892442576924787,602.6153537494778,2.4521996124972385,35.17271656743355,-114.28894491635245,800000.0
4.864292111357955,46.79619698923722,5.090868914760246,0.8313116842967692,1519.9342011584092,3.9298053966797966,38.155535684937504,-118.26082556040421,192968.0622281052
3.599543634431183,5.290510775228525,6.586168953060258,0.5983356052017585,530.939731582547,4.816788502108884,39.056247805400474,-122.72194157204787,202406.5589894722
5.006856051676139,21.048299285529453,8.835175392885212,0.8779933193823564,3521.5737587380436,3.312095344074961,36.232904397764166,-120.47193990734094,310711.9799948156
1.997156115283293,6.112523749866708,4.935810826572194,0.5390522866304701,337.53370455161985,6.907626678887967,40.85722583283851,-118.52960856379345,173720.45715339913
2.5018527987822674,1.846216512262492,5.545676585581946,1.936437709092991,359.91088845975935,2.747376778549364,41.80813004948946,-118.6711436335913,135153.48974787525
9.209617742272792,34.747652814841786,5.804453529335741,1.0910255792077708,3054.9459560317196,4.105834091923336,37.19081016804029,-123.64496631281368,418798.3445274194
3.0218324914553554,31.724921540295977,10.423430234075385,1.0768197832949131,426.26175635323983,4.492778306160409,36.21108622064122,-114.49158965770889,310801.33648895955
2.3913388811107974,9.313974804559196,1.0,1.3352306700671328,3298.009244454865,2.861445782776382,36.98341032128636,-121.24624318525055,124784.63452170897
6.184162890135328,12.924454487746269,6.834768331056497,1.484938067706628,1622.6900562049027,4.434377095786429,40.60099908445335,-123.8381533106811,267899.2166368534
9.12869266109199,2.2090954358704376,5.158915277605967,1.478355262621856,569.8369649086484,2.2314765723447314,38.631950042422595,-123.23555991049717,466080.6762267015
6.898969043118591,43.58230749041459,6.590220624986777,1.5294487775630288,108.49526462109105,2.43200444177352,32.9253375389219,-118.19805096752023,418185.7274257913
8.146827694034792,50.70922039847613,4.019517636611079,0.8476617796836575,652.4155436029662,1.5585496150241023,37.65061414923429,-122.62214479324903,348230.39039735653
2.846024040806165,7.908436376529231,5.297173435197255,0.9808532780172556,736.2944108848035,3.389575045364528,32.66435116603921,-123.58275207146497,283471.2354921372
1.9096378179256093,12.805235902030203,6.89396221687754,1.4076126621769103,2137.1271082344592,3.5346908373955763,39.89608602453235,-120.20373533587289,157080.7562251189
11.032000559127054,45.28888572129364,11.937111422192068,0.8890443753441521,3256.626674626727,5.417484423958148,35.61896659865341,-117.77238807659812,631507.0380592758
3.692826288409769,48.249653695765424,7.09687599774435,1.09795734718911,335.2956972514864,4.461879108957544,36.98407108011463,-122.88160195158387,214475.74192053438
3.8554980330635598,22.400996523147327,3.6190622441359324,1.2595055057699258,1482.0503268063444,2.605441706000622,40.0874420061225,-120.86672167848684,206625.93930349208
9.94347428357699,3.5817460857227803,4.510104667752324,1.4140740329241506,1429.9605793892986,1.6668075602330819,32.94126376421473,-119.82239328375458,608071.6964272116
6.257232568403526,3.0089835183337894,4.4478303723939066,0.5,1945.7692952635934,3.7300632897008366,34.0061445881203,-122.40539902213233,350467.240955088
5.891629785740831,30.271443169519532,1.6291493374769686,1.385898259955578,1095.1974133173164,5.23505099901545,36.28062357622859,-118.9392610153329,327418.4852179112
16.42823345744246,21.03765055355213,4.706810597426982,1.00651037685931,95.34503973519338,4.382382327461126,34.684289053682825,-123.1478591309823,792663.5511268077
3.046182178480331,2.4612738064603805,6.938941071825665,1.3829830843457525,569.3968071715074,5.166723640700486,35.7100635448631,-123.53481503654932,209390.19861475812
7.820152665809895,30.745872007940395,2.7241125499387304,1.4107726769419315,209.40965914257833,2.7021702174808366,41.98266000997842,-118.80164632844865,356836.01898115926
4.637650475425508,1.576429366040146,7.601813567206245,1.743166024447663,543.1547266216727,2.379024467168655,40.3414371569512,-121.52103027249125,261117.6465923472
5.265390791921508,41.155969865612924,6.42432712427711,1.6413814590484814,1772.248283397296,2.0782980714241424,40.89706724212103,-123.04626192101972,264456.4281590728
11.213081141696664,16.62807395787195,3.858110023860821,1.6386286650441186,902.4838866091605,2.9213673192365555,41.40201901887487,-119.76087412512368,534076.768176571
6.07815656691533,3.053158153470837,5.102787761590521,1.6774681276664953,2096.6390021104935,2.8884054487426916,35.73889086298486,-114.84859260482605,367247.04470535845
6.190263456545385,31.005963270140818,8.75647579604617,1.2165515939263785,936.1295927753257,3.3312207029095116,35.32223109906649,-116.75807553345845,380450.944500684
8.529275329510082,21.28190513608579,6.940450408362318,1.112874034814736,181.57595669193728,2.8160952758647775,34.723593679434714,-115.84384084652973,521726.4032309817
3.600340276604613,50.66382108121463,5.418445675286111,1.4491268332713338,53.47172413942727,2.8100046415364313,40.38611065742717,-115.28086011241363,275579.5024690996
2.7087145852976766,28.754131787688813,4.900865034381933,1.392832380573209,771.8643033248129,2.0373561726155196,38.955742691709254,-114.27372258603582,189403.4942379143
2.394356436756988,15.037198232887423,5.560879047948486,0.976373505304696,537.0405123462529,4.810540783382927,34.74363383358733,-116.36753426485826,232172.28916076318
1.3773839977985103,37.18138209633271,4.325296528321163,1.2619293635233073,250.39865320022233,3.121329494599168,36.081441377499324,-117.9159207806052,132234.92901200923
15.390097420753655,14.846092129678278,1.0,1.0859614132861624,121.43422405036888,2.7532389892093168,37.31376175736158,-120.34574119697753,713719.2187146457
2.311912214464488,47.11640786178582,9.688573612122935,0.7584268366159777,319.0209538019947,2.067386756739358,37.51733054410066,-122.18356763442284,185454.95905933547
3.9245348154292325,20.110820495876197,5.726182498318743,1.6161842965505402,547.5799701007131,1.5434859231039926,40.942913421241286,-117.13340126016706,277368.805813253
3.7958638752955727,29.043296701586467,6.236109256757328,1.1220796970120357,1294.4974427369318,5.777563744134696,36.115378262998554,-114.05050013878058,312738.92058935255
5.3894536636814445,3.579228295035672,5.278393725258492,1.9194833030795404,803.2219538688569,3.96426059240438,41.130978289754864,-119.3264131538108,254781.19519264437
7.311455227828904,22.73218313556377,3.8562547184783655,0.5,3321.15285518607,1.3338120942849288,36.692991823038,-116.76320631907193,508673.3280445558
7.510365199450176,43.450540522710746,5.009558590007582,0.8772884908626536,236.1331743481281,4.399853083947517,39.59054041052736,-119.04907550006844,373996.18088407855
3.158677845934932,42.08808907353044,2.041270999391947,1.1130555346763487,1605.2886956328882,4.764728631497066,41.337416039858034,-119.68066576636524,108321.49333026935
4.0540929337382785,12.440246501529838,10.18188164591194,1.5549524390515657,697.3578845096308,3.1969206868434568,41.12196918765103,-119.89694386440085,293802.0599475312
5.309767082166296,12.530032621538696,2.8075248033129685,1.2597877490408742,1332.3094235942947,6.679582248049704,33.04105223930897,-118.95375317068303,328901.18329358223
3.8604560504772474,42.68257092287507,3.2328708039209233,1.2241891016723008,429.8709884174917,3.3479888459363245,34.45419080227742,-120.33104338134625,297987.0096751213
11.756512538154892,48.4503194286356,4.475455670788559,0.6490944829783412,1942.4015015251389,1.479328451812272,37.03060154255661,-116.51226678178192,589598.9280195894
6.0169769834831,5.863406984923181,8.104959022189993,0.6372234411082116,893.5700743645477,3.6059472653149878,36.59976575455452,-115.25727973408483,459499.57588616107
6.965202436474749,23.952990610737487,5.430468898451574,1.229001864115962,337.1591301124653,3.3954919366636225,38.588470815953464,-115.17114693354816,412315.4943822407
6.67072641104317,18.21016822717568,2.8041148283360293,0.5543576024726568,657.1918408625029,2.221875314620753,41.474735982841416,-121.72301286574174,330095.52932722296
9.061949871386153,45.4051112283294,8.034110557590413,0.8872488998842687,523.4513747372508,4.001940699912585,33.56784475714051,-115.04090861268509,627263.8162330773
4.995876814941325,5.2597706486809574,6.935101316249511,1.3003669316343431,1084.829760216574,1.3049534464299135,36.792657318775284,-120.58448768144895,289584.51354619284
2.058342055293467,11.767423070459907,6.530713410154551,0.7070702910892896,204.42951591617472,4.929726026150331,34.32790485992783,-120.90692334514702,239281.11969820102
5.696276814907246,39.375885216911215,6.903041906458765,1.7421423849447226,645.9023283741495,1.9366102446449316,40.994022184780505,-116.73243942601763,274004.11982183653
3.031889018535763,3.615986298041995,10.428159991223147,1.5895745376951562,987.6291298676884,1.835885520235704,41.6635117651157,-120.9530365991371,169542.6714222343
3.2635970966297503,26.11930441642875,9.988699279575837,0.5,687.4735163960693,2.837966043840811,37.047665977958324,-123.4703359439029,204760.9501647125
6.371394811116994,23.54745876866572,3.95789777969308,0.7270515027272052,2557.8983528556582,3.730291810679608,33.48809782841734,-120.26382227689692,402552.6908505901
9.42126947077277,18.054460128426182,8.81015848490342,0.5,1442.3410101935224,3.2607656566215124,39.96029933386539,-116.78534399641651,518812.99936025334
4.539255201406985,21.123188081265113,6.204653198493691,0.7869634549807467,660.1844087953772,2.072323449352129,39.12284282967779,-120.73041579729824,252793.62240317042
5.3940678722758975,28.02696993344188,6.448101213889274,1.4065553906289598,826.0779152793315,2.3325342895524375,35.86937285279795,-117.70440944004854,361626.0847448585
12.445124835943066,9.229735277807539,1.8462312535490102,0.9344420230900573,893.9640407429976,1.7048528914034018,40.93037100270515,-117.39880555736869,608454.8325201089
5.17817101333569,30.17178979246323,5.042189892684789,1.284318897446387,995.554236977011,2.684944478061141,41.77040295293572,-116.66263988273644,291715.9756322897
21.34910606931253,42.0770487942993,3.693070460293214,0.5,107.16203173631716,5.142352230896747,37.79961156673686,-115.02869533689064,800000.0
6.292168641594747,39.76820741929811,7.13892351127595,1.4191901018327622,491.99753397344597,2.997769557086987,37.87441515777078,-119.67435500731568,410094.7870123096
1.5582171957541635,8.848895139382458,7.649269050845891,0.8779563088286602,150.74066829087843,4.616824482794222,35.32637829858089,-122.33567923337543,165796.16057441215
7.0427940438542125,8.61172295681517,1.0435786628657464,1.1048678729131622,2388.165907160384,6.219569355245327,38.052807341841486,-120.8107428456811,319557.4920007478
5.633297830312493,14.676892754990579,5.353726785591032,1.062850199442779,625.8748806750419,2.2389135826822493,36.67660204498604,-119.67832744826015,359133.2692728904
9.716754392250873,19.4148110433929,7.7559091600679295,0.5913805916430865,548.2103426863819,2.736592062527143,35.3708147558165,-116.86108530671886,543717.9352110674
6.712079481270125,21.831234651832613,5.007974179141766,0.6387662673040871,1630.7532963313076,8.895952789258066,33.13825936697706,-123.86877874438366,351533.42807445687
4.124424148218572,35.66455805850061,6.931033654504966,1.4871177876013706,1014.6761712322572,6.185276476579276,34.90072466723669,-120.8421461656012,305094.81050702103
2.1498994169394927,3.8907020404576054,6.137447482016877,1.2595968630006784,215.15646026321846,1.3018648507011172,34.37961917193781,-116.20157418980683,250102.2332198405
3.953439840441755,2.7683079155293857,6.117486487100516,1.5200196166213709,619.612719855539,3.645793940371056,37.64939885326251,-117.29142296669305,244153.2052143695
2.6903942049666907,20.98743871013936,4.8302385460565755,1.2298632942010075,475.7217035157296,3.0050072966978028,38.215865206754145,-116.68260026414394,159455.6297916341
3.163521893116621,36.55534829903701,2.8451803113150103,1.1571962539236866,116.21792720537923,4.541360130626496,38.28143138090716,-115.88189230560805,204247.35850543395
6.379865672400475,10.86520249078061,3.0447866904074425,0.5,333.526981710688,2.069921360082818,36.18771950993395,-116.16764281122038,426473.0029557121
12.206183927356877,33.716728544068836,6.889640280356167,0.9918533212955322,553.6095627918813,1.974264282929346,36.50168247001221,-117.17816833847222,696025.0788310976
5.679157634182158,14.251235034955272,5.440862336589655,1.0890462718385026,592.9138252817451,2.142481297906456,40.425265081586076,-119.6033846762941,302932.0875171168
2.1868675179241244,46.190391549489334,5.109124286324828,1.88124287930903,151.0738177030173,2.256998260001245,37.02421172841304,-114.16401671121847,268080.45018461545
5.851871946615708,46.680187157597445,4.50983091112306,1.374782652839471,2104.147304491771,4.516160036856391,41.88384665530266,-118.30926804409927,266299.3960026835
9.188740648441414,16.16164741834765,4.759103424490422,1.7144244726838114,600.5806523185734,1.6642913436903433,36.67636368508422,-121.97230790631161,474440.6026621163
3.108468799150834,12.729681452125266,7.598514768425093,1.3390150823578915,690.5946766717628,2.2005185783527312,38.67101897386947,-121.07187144895215,134052.5410778466
4.1354233279056505,21.976502575377793,4.695987428077144,0.8154787092202083,992.911601409533,1.228131372356531,32.97844849043726,-117.0643754402953,319312.029893167
4.521360376604104,13.267110844187584,2.5837641020667057,1.1468496864599407,302.4523505124364,4.970691233904704,38.7067292819787,-114.75260434800536,301644.5655193779
2.7984369023759985,35.291576007876884,6.961668728634364,1.1944894585056933,1049.8010753259098,5.671848335502866,40.58855074694256,-122.21279870794102,185115.51890450006
6.612542737531657,43.129298911962564,4.969759005884094,0.7243377720917274,460.78214185779456,2.5509434842629553,41.453349466066314,-123.17653504254214,256345.50238407575
4.1679783530658305,35.32769867647207,5.465931317618831,0.9462450493628316,271.3513455854913,2.588362192533046,41.97454581057782,-115.18468951957993,250553.04450829595
5.7645060334363665,43.04187280971682,8.775914443438973,1.0176932025291312,1180.2097942045364,3.76825093615757,35.180697133667714,-114.84722021087165,443244.64151753
2.6313701847468662,21.24660027258118,5.356822829563935,1.7422479330260474,2956.241150660871,6.279190077984342,37.96601561584431,-121.236206546841,162659.77541089404
3.447071464879726,8.972165506151903,6.007285713549324,0.5,1373.10430763858,3.6851284176358727,36.7818208625554,-120.2271427562876,171937.62749521618
6.913173641072651,38.6354983172772,2.9242606682735173,1.5823273682864174,1674.0105698217205,2.1196034700550523,37.856266065464126,-117.39812002502141,378768.88662714045
3.583357136920165,19.384199762219247,4.938694150062984,0.725281906016247,395.19107947396765,1.337214493244486,33.99580309330354,-120.70069979157525,292344.56427065056
12.631305685875706,35.23481208668576,6.680004694938063,0.5511683250921544,134.60980645458886,1.7201936447896304,40.63342093966145,-115.22841291729947,617219.7649813127
3.5261911307955476,14.80284104107005,2.1337151589333914,1.5719768520153856,2951.7028559482687,3.1161857102461745,41.140904961773586,-122.92421297286137,130289.14525558763
5.128487777187705,5.142711375140306,5.821774695542991,1.3927592276937526,5190.134491483197,2.1648178812465493,36.77178579957276,-123.62017779039805,259402.60502456038
7.842475202376982,51.62167156987593,5.611661252554094,1.601807480952476,3111.3337562507745,3.311773521500264,35.16408368494898,-121.91513793257211,343663.98364058306
1.9135890455631026,8.966276904460564,5.486703656733623,1.4202807790182308,475.4273391832395,2.278547074661032,33.837917562703616,-121.13912221795032,230328.500485579
1.5581741401667577,51.40947069213753,7.578033687182311,1.923938000694961,209.63452581284176,1.7699066133113568,38.99576583538914,-122.87073408711125,104700.13188334453
1.7942842775536383,50.841276560888815,6.102320881181895,1.3234895347777942,229.13636397001338,1.6677646290100931,35.46620247639699,-123.34309570659353,190728.48190353162
9.559643753170887,41.48472329931002,8.503950986548533,1.0374090495507367,123.50324516789834,6.561224549631448,41.14061641417719,-116.44392286498201,514270.4273537317
3.2184024807793694,34.63057106618188,3.313462017252524,1.2371705509285371,597.4205962026997,4.685599525809743,38.87461851102626,-122.35723434097743,139984.1339524736
20.799304973240854,30.46815956280532,5.685441591158531,1.5973876513383856,3313.227133093171,7.136760599952324,38.63401058915529,-114.86077800933695,800000.0
3.194566637151394,45.17117881426957,5.57738025141889,0.7882498698959532,577.285744364954,3.935254085282573,37.81432010103329,-120.32000338551904,210636.64244673474
5.006468528000821,15.761415602593885,3.154565563114332,0.8392445669874478,899.9353256454417,2.422994799903979,32.93487522457289,-117.29394190278654,386814.38064944796
11.305235890452018,24.851741836728728,7.408219504391827,0.9764159941608371,2632.2570848876653,5.822154959957383,41.35326313901308,-121.74597885231199,533582.1657428463
14.934227600105185,32.588888437691594,10.281813942290917,0.5,444.0355772518144,2.9549035162775965,38.46540618634487,-121.59677231508132,783944.3403772776
15.439082912624752,21.970714269344047,5.364287243583956,1.1552313633670188,5092.537219276402,3.3548963814908888,41.94358884213955,-118.25290797132425,714376.590761138
9.253665454246258,22.801809158603668,6.460544285374911,0.5,4876.0678592585145,2.940524040286482,37.60488584534242,-118.39357074854014,475555.3204879188
8.284924313625902,17.844518042606303,5.577488799212188,1.1212237251730477,583.4091033780559,1.0,39.24605347310902,-116.31270771987919,458120.6644423843
6.3949983020631604,29.775822650911337,3.901472193194931,1.4461159024541002,373.331115874228,6.701742090772742,33.03399079972911,-116.42186694305734,418366.2851215053
7.149315699055663,44.37930092877092,1.5764034166157663,0.9092494157424658,1335.7364229081627,3.8401136901792556,38.5014936798224,-117.29312235336339,320211.47742855316
3.219701232143385,11.277947278321955,3.9178756854997334,1.7708463480747485,469.878926102449,3.542779294098468,39.764171310108395,-119.5086943410651,142620.97643477365
2.743078061380453,48.65608497642551,2.4768874000013645,0.5157996402326049,209.23222989766066,2.9127917014027735,39.8958858010993,-115.09359613719383,180109.38455317082
4.4726242887123435,36.14347034115971,8.978614363924148,1.5765042726527332,2395.239856118561,3.259956690582792,39.81606069618771,-117.774215097787,269068.24798345915
4.046649385501785,42.98693384668154,5.158269642761198,1.3700548225627684,2244.9698882430725,2.228570909039559,34.64968495928984,-114.09801509537643,317630.6323948609
3.4146096105713064,29.365725324130594,4.673569409000942,0.5,777.055365861104,4.088955981216089,41.766285537249644,-115.80630182065642,181659.63615873098
6.806189838290025,40.755351772627236,7.2672230320543925,2.184317719616213,188.1303824778563,1.5627558415245497,41.95423014593692,-123.55690188761673,349062.4337693184
7.950089012483037,1.8262202643128278,3.0443226840026356,1.0745018857984137,194.50808859152372,3.297070069068862,33.218160814035215,-120.79406092919682,500186.68430424755
4.725834370829533,42.737401663756295,3.7895855201904403,0.7490063911377474,740.4286597504208,3.9780300533218282,41.3962410167117,-118.28124283529048,185550.9942729696
10.87555976869119,3.0470818133536923,5.542951765422105,0.5371651220863933,403.48082524185014,2.720091265094438,35.249767345891506,-116.78530462128512,606796.5474991278
2.2591452448920153,46.385582194505986,7.56041488198931,1.0119927889361304,472.91093272720093,3.6162366883453663,39.048198776634166,-118.49663502238059,193052.01645419915
3.99005224352831,51.590100109170805,6.4535385948544555,1.0490372510440162,1848.1920224579435,1.830030812023459,35.712053746993256,-116.13869577537818,316299.39317310654
2.91510723851406,15.99744057101567,5.921482799283353,1.1410582114158658,1384.6176526252623,1.853520149403054,41.69366607204466,-121.17344347242656,150037.1278798406
1.4623986955959607,11.726246370575476,5.564047243995635,0.9808815375104161,2638.9666010122764,3.381632430520403,33.46428665388359,-122.16087948767175,137325.8168800302
4.264784228662144,40.033531556760074,6.240495296606229,1.3532901240460375,246.99714469521075,4.217636193171391,37.228594761085574,-123.4608331621023,210263.5744903004
4.1659798038277405,13.904343386932915,5.823471100771435,0.9449480669347016,471.91950524804685,1.1765273457824352,36.56645402344971,-118.26686255428478,279139.73050554254
11.112491611235319,45.14368154178238,3.237058222968435,0.5,1420.8089840625162,3.9001316834602475,35.59722279664086,-117.11400479324504,591917.4704959873
6.543596976824697,6.244972200031312,5.496766365429618,1.0402554017401435,1041.1470749548087,2.289650646493332,38.632572913361415,-120.73850282880639,406057.47389118175
2.4241668671049372,7.4237150153472715,3.14525381627272,0.5,3079.062303158091,2.7280769753299103,33.74502956250584,-117.86415815144123,209893.42411099677
13.63248489495889,50.9367293101314,5.57027334009173,1.241508252356556,1012.8634584798986,1.5376281060220427,39.308292972270124,-123.4784276914667,593634.7633951197
9.324265701810942,35.365783811770235,4.390639322874693,0.708279907886946,4222.189469445196,1.9624454613760696,41.81562517614548,-123.00706653703196,398045.2141596369
6.355106240217655,44.191248445876596,10.73270140784401,1.1653441419663202,1141.4079254759924,4.869847696397709,40.14330778745199,-116.98245227741502,404509.0825070929
3.912237811908621,17.54079824492742,5.316221794121406,1.6256299926098419,1924.0111907149724,3.053937333154414,40.67015915264068,-120.31930294782701,162645.4423498069
2.5201954498144,35.500671225550825,2.451096910850664,0.7205005218928,481.2972454829705,2.4808737065091644,35.91654906020052,-117.28665968896995,238141.772088233
3.5847041074078474,31.306333192738457,5.118221557578459,1.5245025034048472,674.7128627724952,2.8341889842678203,35.586422761571576,-115.68278879720081,276441.39936487254
8.612797441981174,31.760656126270298,6.490653365839565,0.9266441733255388,1653.9876417813261,3.836674256623194,37.411959369556264,-115.47377562523883,473347.4434768776
13.884203895829218,35.8091554364238,8.9140642869203,1.8012779208262342,3337.502896565941,3.7443470454453944,32.93440284024159,-122.27832354535549,701518.9697045214
11.312927710375726,30.343317829584027,4.1621499601286915,0.9539389547207148,1379.169726066573,2.89355688031611,41.48090227733706,-119.13714427648654,544854.2587548787
3.342404128227767,22.882180834435964,2.0769012545503562,0.7638028057973235,612.0587214954575,5.188681172015798,33.865959143653825,-116.66073276367513,251203.75418289407
2.2892621033445653,15.072057413407888,7.115357724005061,1.3748953801581154,2636.8360975465016,4.880420179198952,41.07862387209688,-116.26019403733089,175858.49291707072
4.8770071761148,40.197647876573306,2.500742717610733,0.9256841081505457,74.29334242362346,3.693911835571549,33.29403110900338,-116.15324019271122,308512.05814097926
1.5510566070546656,12.539893930162496,4.484073572834282,0.7634201943483967,160.41520713176814,3.0873276898925526,40.31493681294632,-121.71832665619415,79039.46983293549
5.440661368177687,36.31006961387512,4.858996980426912,0.9088640597184836,1315.0555981346397,4.173105769991242,33.94364399584305,-122.07465182276226,310509.0053716431
4.10185146340602,12.899973955115659,5.253769748069773,1.0821573871267995,674.5921973689371,3.5153310781085985,32.86225033386899,-118.09987531726304,323453.69392006705
3.388468667651165,32.89183866767715,6.847245359856105,1.6368720524979419,1218.6678941305734,5.10591686010616,39.33514977746438,-116.5891420226178,206673.8797072049
1.7214692815586263,39.10099162358048,3.964368007198586,0.5,709.3914731288095,4.710437015678216,35.16252035165707,-120.80860484465806,97054.74307113595
6.099214936374413,12.1544083342335,4.825168570449803,1.1092322635801684,1177.260837201457,1.8055640739188321,39.287713451451324,-122.95294843137579,384350.96780204977
3.2556094599151812,4.057108343926722,5.370032258806284,1.3499614378616174,294.5937177155862,1.7454604946611028,37.77330987949179,-116.83253617089923,209355.61276946604
2.2212051269542403,7.679660892702878,5.714155710789456,1.1773794299967186,1176.7198824087327,2.115677786939763,33.53367020718562,-121.00302168619996,226496.16682453477
0.7998289969550568,31.9058453308223,5.605437066886638,1.6239460677734137,1797.971795311703,4.894290614411786,41.355235696361056,-122.33637275688278,50000.0
4.408308505199834,44.32176671751251,6.315612127967418,1.0702618680965903,2254.200410542277,1.3659436406389425,36.79698466025304,-122.52276471602869,196982.7087272536
12.979237404904914,3.2948378830066427,7.172062970247649,1.026179423125622,4981.838579969103,3.6596909155867565,39.47724913908753,-120.85090452473284,647216.2641830936
12.143032259829289,38.44171421112396,6.224531642867033,1.3369318188053374,849.0333300094096,3.6012159256014327,37.25969543414844,-118.07321934086255,635737.1276492553
3.406693749572605,18.40725094345266,6.352529599369359,1.1397255259805399,874.7263432304522,5.372664829799992,38.24143401213144,-120.41597761306184,250419.77623859525
3.122621157740253,25.40494686589565,2.0773313498323973,0.9438365046878117,145.01360068162597,3.2876379063771664,35.37634912738858,-123.79338148406569,187694.37957417395
5.937359783343426,48.37183704212384,5.5054781682479295,1.306457615834552,390.953488967155,1.5347926718346243,34.40342288803278,-123.03091565322188,336851.9976153297
2.4619869729148323,17.93054674152812,6.406965850803378,0.8389886827133419,548.3522793789817,1.8595276794082498,37.65441693237665,-121.09496752801381,154400.53344402526
5.37132779659149,24.732183630913788,6.930776508597946,0.8555291391922693,1901.3502150623785,1.663630461068482,36.68208024322452,-117.40295517852908,401360.73741681786
7.096829727184756,1.6978031527947364,3.9460633741090323,0.8888023912937546,361.04365388468165,2.2956775227599167,36.20607552762237,-123.01484926531467,408463.74749903014
9.357329447399984,5.161534720246757,4.016017522733845,1.641227664066563,1474.8919616448961,2.7416206298219348,38.88938835339892,-118.39343146499318,447192.33977209555
4.220305649058881,14.188171147873986,4.194388581904444,0.5,664.0638357522932,1.6774574709248538,39.05981300410579,-122.80114129175996,217354.43033914352
3.9661495995332077,2.4204642818747946,6.526469189771822,1.258239533905177,557.1485410445605,6.267208218790881,32.936240532867,-121.88384672650619,300692.53543920035
2.6464270519006026,33.2001416284608,7.571150215340838,1.113708725680089,853.1146693671149,1.548612415258497,35.71807269531489,-122.27811472444237,197201.11116076022
2.7288268391182764,22.74631619688275,4.544333774687637,0.5,449.8182569527358,5.888796879931334,36.41176322715059,-123.32771364429189,185704.97591364983
3.9122500344197397,28.955405339129122,7.306720858616803,1.2238907116544009,433.09744631426156,5.433489253628355,33.420475531059594,-117.28670182613409,345339.52115603053
5.586870570893336,9.907006480712807,5.659307599245648,1.290300796732613,120.93026948224826,4.7074731357645,34.74105823363374,-119.36596452613965,356072.7278896402
7.753549788623413,16.09253350126742,5.138999867958884,1.33585569254296,519.073656259867,2.123608355372125,32.990597073616186,-115.68946559102662,501775.6806294377
2.7679102956566566,34.85504821748898,4.956093117382266,0.5,411.59170629885136,3.565218846816579,41.96429993686169,-123.01109160017683,149389.94943068447
10.974925177253951,50.23043890515039,6.967883865664531,1.6465557647417755,397.03284515422115,1.5861575135002917,39.497293428213524,-122.55267066661928,549337.2922080186
3.808844412681017,3.571255453712669,6.083713415252848,0.8049053181260637,1009.1594772182956,4.737234456868013,33.33077648677616,-120.9354226864955,294788.48715918185
4.424598869502407,46.40960036361857,10.179233398060038,1.3746270987012705,1285.1515817073973,2.8950651330416814,32.69236910800588,-116.34134013061191,332735.39921778685
2.8624359483602126,30.42094126687163,3.6103282497056197,1.3964295122729145,838.9864067790447,2.4481677624306535,39.33323410144666,-120.94241176844301,161919.1695773738
1.046504793956651,29.75989790453681,6.48801357426295,0.7493211657522829,1799.771858276572,1.6292626926262752,36.67232557398533,-119.91581292501307,156777.18095160712
7.617340079418289,26.514205295595776,4.288677879395824,1.3641839809406202,1182.7079082366738,1.0,39.97456873611347,-120.98396433702835,286630.4355796521
6.973423901670021,4.539098381113353,3.574497327323848,0.9458027036350568,495.1911304650629,1.7873419489021387,41.27302235927465,-123.1977570819897,317466.237638806
3.78559648290342,5.583719438544194,5.377179012226559,0.5,418.69541160092245,5.240406637018358,38.19335369565554,-114.60566377103812,263189.88007809565
4.6654972970106225,31.64651228861339,5.688440206754776,1.5670967702111116,909.4338261039601,2.4561210235549584,34.27753001771391,-118.5146100792881,322190.4115537864
6.107780990995675,18.388887143213474,11.528164465626194,0.7899820147935042,1180.5870690715412,2.7602895163126986,39.9308433424413,-116.12166811814504,370235.2545619146
1.7550063688192366,47.78067139546172,5.013293787065276,0.7582026149047784,2691.4740783703787,4.16942100790015,41.580211560156556,-117.41642907814705,95943.38811279224
3.2627434599113707,21.736117405333086,3.026624668082165,0.9387736527853112,2188.9407826973156,7.410029638207788,38.01219722706958,-118.85745720938024,228692.02830894216
7.217862148722317,8.307354393834697,5.97332250673821,1.2088946901309554,387.0395923043211,5.827000229070343,38.97897574916697,-123.1032174334062,340990.2954405628
2.1115585964300054,37.45066050860384,1.0432559211526264,1.0770918356711592,600.638778584542,1.847498382055699,35.7060096028484,-117.57266454729695,195012.13395934136
5.344856835146126,15.961024493491502,5.206890756531042,1.3192267698828684,1301.1682645335381,1.1373656037137236,36.12451309927296,-122.44629644063168,289526.6092932198
1.9858577113809472,27.79898567515055,5.433653092819838,0.5642042533885365,1935.2615766500978,9.77479495860905,39.47921772960411,-119.85616830643724,135771.67061423283
5.929014376270564,36.58947206076367,7.068660804184944,0.8030454518277061,1700.9963876053268,9.341770598327365,41.31382543486478,-117.7088685651957,295647.7074690066
4.386866147817049,46.91346967130559,7.444606723798479,1.0536011710713866,623.9824026988505,3.301004440982163,38.475389678631345,-116.17770999527876,299040.47104142787
1.7004975937798863,41.401750934885484,4.342503800293794,1.8591549170634822,189.80122637685756,1.5916255893750693,40.0035551306108,-117.14954824291381,124762.22005916182
9.014583120150652,35.49441446150893,5.083710569277141,1.054474984634497,244.95233087441343,4.862794472202929,34.13053266544604,-117.28466470945371,541395.3816258872
2.8841927571349224,35.661292302152326,3.7911462557175915,1.5340889054646527,873.6095304416021,2.846266561232405,34.51361135745075,-122.50957790824792,118480.8851886338
2.756187923274395,49.242156845636416,3.031068634903843,1.1154220675137272,936.5712305951773,2.8391634202569564,37.55432952491721,-120.53871459928412,113582.00644598292
5.0548163342899795,16.08702897232334,6.050779036699333,0.9065365450249727,221.69900455667545,4.698434751028435,34.17726482630699,-123.57087727339805,323552.3674347879
8.927910756321191,1.056716804005558,2.725470347947142,1.0013102303542238,695.4572972811729,3.550851285372351,38.53245316709877,-116.80523106823536,410241.39739195566
2.4363643523976664,14.869682529308133,4.529283508799088,1.0326321151884477,1250.4069745812428,1.6604564666740484,35.27070526124964,-114.4741401868258,234495.45796459308
4.650654255961917,12.112460360963944,3.3101346842116017,1.3414582955842955,210.350112002218,2.55391897524876,40.019559877335475,-121.35889609820924,225306.4193409517
5.796706434836265,34.753563840813904,6.5543346912095455,1.6498445070306218,2008.2062743477024,4.181108757403552,40.17704829283626,-123.12303290837691,247413.3119952534
6.792800928269263,33.319291588041985,9.183003208459626,1.2438723390745285,455.9890752490282,3.877249890448629,36.905980829675855,-119.24429923246346,389275.66607779585
4.982166981136139,31.266530517940915,2.6666652361130048,1.5748310714967022,2339.3142563854626,3.4246808578375822,34.21770103285753,-115.43301776872431,349694.43966806994
3.5958604057760613,1.8284156036821386,1.5086611859151051,0.7140841049481259,390.1563492206301,4.7908673837787745,38.64436213027836,-118.4802580472822,233300.6365258625
2.727664824765729,38.16768077698302,5.137737540764859,0.9341477964743878,238.26285979109244,2.5071371038452943,41.93147667350407,-123.53222849809887,73052.5362360652
4.7194219780831315,17.500051036760066,5.432965371511293,0.8102789863169333,420.6760290125967,3.284895655842901,38.41461353045397,-114.25727759472053,300947.67049108946
2.3554141992968827,34.91785543933818,5.859184544190326,1.2257778363499412,604.7722113227106,1.0,32.83985956178307,-115.71350090037399,246684.03645801308
0.7766151994438281,29.38549985360982,4.462726918007876,0.9564166459282346,451.0237925579215,2.3992949013354146,32.66429276978729,-122.6840592294849,58673.485058579085
5.823700488701417,18.479277196823265,4.978657472466594,1.3919091748136783,535.9273326291897,4.401526683598029,35.54343871967691,-114.78202243496492,394925.4727157738
7.708787444019327,7.863389622309495,6.171771862135265,0.7275993153470235,928.8666152676536,2.471444423204987,34.359946165173845,-119.49311711394812,500700.8232783658
1.0857169353358374,5.815363780684528,7.584904874554162,1.1172123893285126,560.4951728218085,2.379490297757049,40.22398646786143,-120.2810200942506,141053.64615406713
2.4452847472140986,43.4074349887234,1.294397582331606,1.3747431644049026,622.589632576325,1.7847413880883014,40.525653836842004,-119.38946669472811,81788.48173150957
6.497987779588144,47.838274646159455,4.62522717803393,0.5,120.39446990489648,4.961375130501725,34.95687832744952,-115.65428043129053,364340.27995583025
15.401998624754878,34.13919038497928,5.848998467276234,1.9486525229320815,984.0709676139123,3.952038954600177,35.59362538102398,-117.40520321713214,800000.0
4.537953886201884,6.275139857884652,3.472250180317455,0.9867392460480497,608.3781843372075,4.5390026119102655,34.74434619329359,-123.40751547600273,291917.28102640045
2.8956170604206686,21.503388061300278,9.035456226711329,0.5,3328.5530881414347,1.267305532936378,41.129634200027006,-114.4239562888383,239731.05964144252
4.0159026250183665,38.17589920536302,4.065639251519652,1.1632375594307145,259.93584036750246,2.7725708053551172,37.27516867891168,-122.52215866521682,223034.9157267749
10.22592182080171,40.770865084513474,5.313285357284706,1.1133773871892605,109.03889696917423,2.6115515181713373,38.73330191877919,-116.54432048264648,567553.4186431488
3.0417149739633023,7.029149736845518,6.567646403368811,1.0672422481710029,1234.064526886474,2.6109500180629284,36.447079823646234,-117.6386346957187,233422.7879062621
2.774539523661129,1.001566661114503,4.158301943516022,1.4964764451706667,940.6085113417192,2.2077772234346877,38.494634838293045,-122.1247195205344,161464.102288035
3.35467161614822,37.31898933991086,1.5221965996107243,1.3989779885708225,242.6371165048542,2.526785304344706,36.16562607885649,-122.29267923886951,229607.16343616825
2.5294523960039452,19.186404975296487,4.499825493475281,1.2191504764095382,144.0630491391959,4.594327504548295,35.72694515842764,-115.29672406295307,225446.3086690016
4.823993874353583,13.978547912531273,7.561825167446786,1.2800622535786592,3094.5467567160645,1.1543926059168594,38.52756069514806,-119.80305076500403,264346.6304706631
11.879415056830268,1.6577709592657974,4.6925202337512095,1.0582566202247654,2735.6118216004415,7.305645343529802,38.1150897414654,-117.45423485825862,588272.379265987
5.4403726690939385,28.555269744836483,3.622487966936145,1.8101963396960195,55.28730086028065,3.8263852650566514,35.28851556459552,-118.95928996143327,300757.9811738785
3.851982299285387,44.408687506725066,7.343911639955715,0.5083215926568935,420.63983585028956,2.941248209104182,33.918810278035,-116.7264648292404,326939.84380750806
3.7618589568816696,49.83921395990198,4.705372718351589,1.1558606696863587,3512.881974028689,4.727597158857515,36.00147859146231,-119.20757624960669,211267.4731478997
1.7543273634848264,29.85299248127775,4.328662291334544,1.1260098524755122,413.20235730307564,1.453657257437335,36.444377571848136,-121.12620084744432,152075.45161864776
7.613065121608129,27.237527714734604,5.71385778829295,1.4253121624258374,407.2339214729426,2.1546957869115437,38.47250116753375,-120.36616629003504,377534.6406737027
4.277196115842031,5.337875659951297,7.018575440199454,0.7624584490300403,501.31802110702876,2.8276961074877622,41.1880232545502,-115.40922305549657,212238.9829315263
4.021729571803381,28.99251287867259,10.401598416638347,0.5,216.82769941461927,5.946365456196999,32.84375557656279,-119.31965307077273,348371.567380854
30.443257489081976,20.378933027235124,7.137195826080589,1.1627292064392774,120.93149832893124,2.9351298946941,34.81477961914753,-121.86550667755391,800000.0
5.361542668816926,31.963899325062425,7.8356639294155235,1.2124921968874418,1905.590685704767,3.76228819797159,34.340301451655826,-114.65394611922747,418903.46537321544
2.854581849738328,20.825043741703883,4.337470982125504,1.6958397637790599,105.32629401902302,2.2371673775365375,37.27179688259095,-116.03399543501624,206308.78444558827
3.47010704531421,13.255255295968704,3.2456769774641,0.5918551814699656,851.731598623548,3.832130958443203,36.58215766691002,-123.443338539438,170077.2777563327
8.926884247205496,5.843229036647202,5.530895834200159,1.5618775066866881,1614.1753608251686,6.94915310313195,39.42585742629179,-114.01057038019482,505037.03756751545
4.796863401626615,17.06084067403368,5.625056822045153,2.0469657456108488,155.8312515756928,4.941966583646474,34.802951169176204,-117.05073303559898,385032.2964226258
1.8908627625033743,5.928886548675366,3.135123243134346,0.9488940449910093,263.9425847285756,2.8842704934933696,38.14773447462271,-122.39733400959413,117936.11001587306
7.779852356877462,10.021744492023181,5.031881487201574,0.5836231122027105,2237.6448565065984,4.211190655037217,40.896644004199615,-121.62832318701403,377655.20308088185
3.001504156980858,51.35414408755684,6.238566963610175,0.9372102534506517,1133.303071800369,4.009868618452669,41.151438529223896,-117.07554518758454,163200.29048974928
13.790482298864012,23.64928140223755,6.1568261295379685,1.1056019869485523,358.78176012524096,3.8701522054758972,41.6084537448878,-116.20238944720879,627161.7389951035
8.567952929964965,28.125460091755844,6.459004492106972,1.325515150002766,2213.3201630626645,5.238193465670198,39.845980944759894,-121.60964056850194,441446.59403187816
3.4267314012805348,45.554544965597984,6.01102593328863,0.8634421080647812,2222.8284121190686,5.21865054358473,41.1068851094597,-121.43031146100729,182385.2105813901
9.665954024922621,51.77401392502508,4.335281815532883,1.7220794136589368,870.486884978194,2.8191085037929233,34.7280432838601,-120.92879305127938,528462.2101105893
4.667918739659771,30.718436916578757,4.32080868403743,0.6541870739967754,270.3830810490478,4.141009218602818,34.377018971329534,-118.01981635163364,310699.4450235953
7.475748178769857,42.43616487325276,2.8822020642128607,0.5,439.9017016128272,2.480481115184838,32.561636795915,-122.28183821698723,435724.09448144404
5.994483864093238,17.67399224117044,9.1480275822887,1.542684169714927,885.7074852061967,1.8935697454835883,39.215021395576436,-122.95756801115222,356990.34227096924
2.697123964649603,16.592941829811846,5.428245765700516,0.5,550.818399229407,2.6254521324574904,41.40593828423057,-117.21135910914487,218666.3454873333
3.046124419872958,21.537889770722572,4.927808582830811,1.0183480924509136,1700.975481688827,2.891747307599346,34.27588577789592,-116.20902060206829,301726.8697368961
8.314296397040744,35.2978703963561,3.4495366289498373,2.347072451683219,144.0594295853955,1.308929340101744,38.55096396655535,-118.99070595583494,423541.3291856143
3.666123367809582,35.79177615201004,11.564881594888334,1.0951825788160274,149.2669734752438,4.618944795242339,39.59136771260689,-120.36167289731614,204504.48845626292
3.5177125057991194,17.07721116712199,3.1460111323319198,0.6516929397215002,797.0130969633065,1.0,41.31233523390654,-119.67957286473523,179411.68944144665
2.526731202105483,7.793706130968063,4.499419356227246,1.0770410144852827,406.854483125367,11.674517437720372,38.64517212816361,-120.11592166128048,149805.73661319164
5.778588445951296,33.252209079740936,6.273257356200728,1.0796796845521868,355.2960498943643,6.3657978065625995,41.71779046111315,-114.40015091762325,335955.2413430612
15.448546968054151,7.54461897162699,6.660447228062983,1.1642599761412467,113.51594150253776,2.6366143156486914,35.774394839619205,-116.3191009478086,800000.0
2.3619327634908847,30.503117919695832,7.411657315952937,1.364905192863848,678.2702754060595,3.0183586198727146,35.824321070828375,-121.9191278514989,189174.20704161216
4.547291013496283,36.36452853087176,9.195977866315452,0.6843555326529044,630.9615287608292,3.4955332417469407,37.65861884513628,-120.1581084794602,355388.37626425596
10.457634995850363,36.73118631611703,6.4629310764674965,1.7750192220947176,1278.5462661985264,2.2376356745647534,36.143267870601115,-118.5598770863689,518241.68150387163
4.272568485497985,39.427077643639436,3.182335320069998,1.1980457137490472,712.5899381228631,3.3078868571936773,32.51354441873156,-117.87014137936312,323543.6571287335
5.879213989674848,45.51583049984889,4.8604152372442595,1.3907176185607217,582.5388752033745,2.795469332595624,39.45183423832638,-119.31816103971232,276380.717242475
2.3692273352556814,26.49790859020421,6.046447982279159,0.8487402400977431,2158.1370178677844,2.865846134260898,39.64131189404559,-115.89873364988041,129038.04932859968
5.7949349893476665,38.24270866600813,9.74327468716223,1.6145528547982135,179.02629536843986,3.289483401870946,39.59625874452432,-116.32393980541768,353928.61281271797
4.005680348990744,32.577809503657676,2.4646084953089766,0.9971790364747742,1137.2737373817417,1.5577400746418248,35.77769633279943,-118.94842081371833,210375.45523533245
8.096549614504337,10.518636929681811,7.925410660972979,1.2110210053974129,125.0674054052176,3.0641949078164967,37.461749996456135,-115.4557061321827,491266.6287962689
9.13790942274494,2.3101718883398163,5.777820176047475,0.7267575691251564,287.6194119732918,3.259989170070188,35.91974842267836,-116.48910469557615,540586.6907836059
21.194425208011303,15.511610669523622,7.15944412398191,0.7012273494391493,197.81710019073083,3.2040794008196203,32.65234580029114,-116.21418151279357,800000.0
6.3457157738934615,23.59471902321859,5.185811095064543,1.3752821225811531,1453.8093601780631,2.696850531343273,37.84326494207848,-114.43599220566583,348321.1164868965
5.449248939700378,32.47240316586147,3.630891476734715,0.9225572679170457,623.0269438481108,5.306480916612999,33.6757263277981,-121.33533058790798,350569.6841001571
5.0360929894115305,44.347925855663476,6.976832836742798,0.7584707649982492,656.2204310263273,2.5172668322667318,33.26039257886868,-121.3235183763315,341942.6393441469
3.6258916276623694,11.008531552014448,6.774305156921805,0.8427266631891879,219.92069679861368,3.3657908353253343,39.67724115261948,-115.1104774430936,291612.6874503031
5.490889729638753,7.403039284822332,7.441319628053416,1.3795812286869686,492.90009382637237,5.746832117853554,32.59030892297201,-116.27773626614321,407420.4464064559
3.753764315332724,50.1374773211907,5.372060265704866,0.8483848555185557,309.98834397476526,2.887271475378337,41.6105802142829,-114.73454458564373,176994.66636943314
4.958367659984821,6.510272528196762,4.140373751028317,1.0529380273591344,975.9926101865129,3.3442138172173608,37.39492595906948,-123.36869839675546,226748.07852243952
9.880454585354958,25.403044575466648,2.126547310449933,1.106011100114839,246.88159881327394,2.8628215139090303,41.83865609170841,-117.72242922738404,413745.3174655254
2.4499667691005382,30.863750168458395,7.120683863092754,0.5,2514.412269602223,5.5771890600154235,33.05097693849073,-122.55371661876552,228343.50162559756
8.881115217522197,28.61009546627935,6.290167913132371,0.5115494378505928,124.5141731983413,2.6409474073640644,38.04353071422618,-118.96102801707417,519840.7060974594
9.877594795815174,5.387640008680103,3.3718564709856857,1.2345111556990251,296.92517396340077,5.706907530739096,35.81860684177116,-122.44253068146556,481340.0016303761
4.1751858981116525,3.9083726141845876,4.2689952860770894,0.8051882555389211,3558.877659541335,2.852529238053416,40.513083681735715,-122.71921491015121,218486.88916808384
1.2546881562039913,6.379654800512819,4.419806494901975,1.5226899645121674,430.4629476718661,1.9547653062479653,35.93161598472572,-123.87831654617966,70856.1097391806
3.112128221482868,30.864971877503237,2.285732692836922,1.4867228417002178,178.5951184202737,4.2193731961039145,34.97463200104482,-117.69761187617095,230374.18443577466
9.759066281180157,28.761589269350377,3.682866967129219,1.387667466542175,828.048363362588,2.5796818648226587,40.646754707449176,-120.40977383309914,471518.7094969284
4.42061648505582,12.920780393873956,3.0189562507066565,1.827908714925039,413.479426125376,4.096981362727311,36.05920437070598,-122.94811715121028,200588.92463158618
2.4606330657135955,33.52648123412517,4.533794075035333,1.0667642689027268,288.33694505328856,1.0,32.65991653867533,-120.7716222226869,219027.11962533704
3.3106185573526203,42.82344260483812,3.8487352535079182,1.3595527703615358,222.32253529994298,3.0119949428858415,36.20774645797367,-122.31055908548414,213820.09501286448
7.4214318918715145,3.120526952176282,1.9832896661798278,0.8662396093615876,10597.502144925214,2.3873819583489975,38.71796155560395,-114.5830516849834,327815.2715485227
6.221681083668674,26.404627120950163,9.64743948419591,2.0809479651474896,517.2095439373295,1.7653882833092285,34.91641561866063,-120.79995114238652,449323.6815162874
3.883126936368768,36.15483101723721,8.030335535161385,1.893453460974408,96.9730048899508,2.278185969968179,36.603882128039,-120.6604647671061,276151.50060277723
3.5962993301987183,13.86790828055404,3.7640592148080305,1.1047521738071169,2962.2658934282877,2.25499651580001,33.038793813681146,-115.60141996600414,334471.94382904295
3.5428982631186976,16.696316169950606,5.972084932972582,1.254634491962077,1225.4591941548933,2.932945190307495,38.086881519382594,-117.52244238713996,236456.41194267053
2.5768143535015247,32.29553305245857,6.27667668862472,1.6437190397459225,309.05942396667814,1.5163964587513927,39.68480177667374,-116.89828392596999,138387.53633927746
11.813292891789553,46.794699965630585,7.901280295024302,1.0411441980743572,261.61681925744494,3.5188593546811378,36.42646933331055,-117.63998196011039,654638.8954527644
3.6936226280326823,42.30614543544787,3.6809294440138354,0.8373503716801182,1304.366545494875,5.9483114692564705,36.49221001161387,-114.53803716051435,255973.91950211144
9.302610991177186,30.73964117407876,7.6934242463630955,1.4495959004027532,519.6116327864619,3.4572181004861484,33.3386837365567,-121.92999168441955,535882.739034313
11.165064152726275,38.24130760561971,4.249398861165437,1.1313756984334682,96.93320970111472,4.501876476403718,34.41843821286383,-114.10960758244204,666526.8848720512
8.15789800926778,19.60594598059773,2.5946889512459124,1.1731977798581044,3972.853831211823,5.192842459465119,33.96941537971517,-115.69043822443487,508186.84752214
3.4591670129023684,33.68924193303664,6.920686774560445,0.7662914627728139,430.95752604319523,5.574734852313854,37.07603380228461,-118.11027411123658,301301.70824901067
5.710108665383383,24.775261147505404,8.1105926906571,0.5,2967.786704019869,7.6527828000969285,37.52792763903213,-117.37628375603751,357763.8776429849
4.417096749044606,10.686742959335607,10.834608844414438,1.1944569639516405,2388.533738124892,2.340580559299403,41.51493124720047,-117.51174123499386,270071.6333246667
2.605902028904887,36.788651967740115,2.880576943310552,1.46198481659768,244.44502952463304,2.097524851453527,33.19569929063372,-123.41603775940847,180294.10733883953
5.4445525082579,29.379696504789923,6.867731338669657,1.0096773003695834,1869.0580462616413,4.444790890767231,38.198745744972946,-121.81983501468062,307448.76477530395
2.209079969160767,19.28970067963316,4.539417388033581,1.674571807823547,346.73383868555754,4.280770898423187,37.50173600961829,-114.38529115475251,234609.3088977668
9.139517855880678,47.47829869401017,7.045053292100466,0.8184334698337823,102.85285897117124,4.427511330575825,37.404214430390375,-118.6563557114062,444504.609113606
3.3913552546047163,2.0676400091633966,2.311971942414374,0.678118218013632,435.02427493408993,7.726386022862216,40.79501323013685,-120.21646396738088,151878.04187804472
5.056607447537403,17.104430713724298,2.7481834710330157,1.0731078771215476,989.9332353125425,3.0212932083040207,34.452615471607125,-116.37961536610925,391734.64904866467
5.312022898772226,3.9009512866599745,3.7706628713503845,1.0669629698594838,418.74550636107256,3.7175999294937125,32.88734610624303,-118.7548105734419,360210.153991215
3.8368703289065382,40.092893127302986,5.5658244959029775,1.4079874925340892,489.2881888221231,1.8400741583471363,38.88657932252483,-123.86837228568102,217963.51721965213
6.372655641400187,36.807480159803426,4.053729340269454,0.7900148703744061,2087.1735159086666,8.737818526370903,35.77899590929181,-116.63762403284882,382926.72556833754
3.370488893260642,17.89896315555217,6.784014122218181,1.6472376947259595,739.8844166556245,2.5388914262340054,32.66710420401898,-116.67782439947139,348625.92986974673
7.559298375978731,35.45880801256072,7.556478698341621,1.8867667850033016,286.20309715658794,2.5751094444707827,34.88805306925893,-122.34851287890025,409427.968055776
1.9985305626600873,21.192798535993443,6.659112836615248,1.0843423892126633,1342.1530049556945,2.5259697653946516,35.43860435505971,-114.43339911575787,216139.9741596984
4.834741908895885,39.56894336254415,8.799454043287824,1.5998841680737275,810.5196352313246,2.176138706325318,38.3599645794503,-121.76091868458886,283847.3627799235
14.344368116690896,24.16336679957201,6.27323592185622,0.677401171749896,53.43121888942599,2.0860690873730285,34.13956504346808,-119.42250632617801,722321.0772157846
2.4591142035362927,22.02626611941494,2.8445169082856494,1.5300886164727665,1020.8112300672586,2.312080708115347,36.42401630555728,-122.85264038739085,143465.362277201
2.984263604307844,48.67122568990335,8.263090678430514,1.5189105634237852,984.1995859316205,1.5175573504786084,37.08351672196941,-117.96717680549412,246354.98734279373
6.10034123510213,13.794834094425712,4.129171905227405,1.4453749120759516,678.6605862332191,2.0285901408425904,36.86275521795886,-120.24548879942787,399787.63854923827
4.991562910114879,7.142814339824837,7.311878849339697,1.0937747644518825,1622.4628978914006,7.96041835569887,41.75243728333443,-120.46826537790295,258968.87476773598
5.531052149564717,30.81169877623237,8.704841854765723,0.5,339.5449760939726,4.339796995642262,32.932290259007814,-115.73023122779053,443838.3623892703
6.010526075567547,50.43541242649312,6.359044822533838,0.8433091425391483,931.2239431766894,4.772890462530223,41.5341977712978,-123.90438287149522,283098.49356393795
6.558965426457336,20.269799900086518,2.258066492354236,0.8496335929261593,138.80091341248558,5.411922519114978,38.028403532943315,-116.02053229107578,329402.4802312481
8.72174999402219,4.163874945067858,3.471754450329438,0.7086980247758091,999.3353254107813,7.516249540077327,40.05941329221346,-118.2855143425192,419672.5451230234
5.73100663986885,18.30456863278794,8.177763380458785,1.1488972018188266,4689.398940445478,1.2389803268570883,36.588729871152715,-114.139014865198,487033.68091950344
3.8777124585445044,26.80251437029748,5.044842360150086,0.9324146217915062,245.953783795504,1.6242699322332341,36.81145987194132,-118.1055677939575,263626.00504736387
6.7096327699916944,9.258073338242898,5.567104423378549,0.7701551960939913,311.12596676782744,2.0100069294501073,40.853601740650326,-123.44620865852042,347491.2848866818
14.012210960681735,34.563213120881095,6.99353127394358,0.6764799407008721,327.0079743882927,2.375326975143798,41.01137771477307,-123.49354673556273,666917.3857897694
4.138857370050149,51.88521883952023,6.86227801036868,0.8137948058059086,757.4808267193432,2.5849736247255084,34.767544373597325,-115.16847013628168,280547.5704362175
2.4974804837547198,24.038713275053635,5.985479606009468,1.5485996847399714,229.7435592582145,2.40250327156977,34.392797846553876,-115.58785854488947,268941.5279572177
8.708054496575103,19.091156393240844,4.961796420437022,0.8355899781490024,1013.5835288135852,3.352326078126827,37.214234151764536,-120.54109924417976,461457.0876699192
4.169396502131875,21.4359125085578,4.74339626396205,0.8940245174266911,1551.2866238165511,3.057653205359157,41.05263175771307,-117.81967515818863,236388.8781144215
1.2170115109104283,6.872455098155258,7.20158753311182,0.9173209539907016,1134.9537877567557,2.0929668449387036,35.562373387358676,-119.104086429444,156458.54369438224
7.451780568292147,46.046953672737416,6.562496015242367,1.235597405523768,113.47522990278411,1.0123006497790237,38.694138845721746,-114.32835944863947,405305.5878142383
3.2504813349195674,22.15610843158895,4.859669998702643,1.2824997954114132,1799.32642435421,1.8286274302342518,39.22744103353571,-114.50039099123109,223572.3632216016
4.244737713179371,20.750994982666906,7.6724358572855955,0.5,1698.2734804763606,2.282749581867351,39.89740931649448,-114.16160991459225,296173.29668722313
5.46950543539326,34.64420391945419,5.129028358227455,1.5086540855310433,1525.627946288441,2.6550414897496197,37.85728235024915,-115.33551219365737,376450.7927053011
5.024368668122577,23.5437044674873,3.6115094338977745,1.6745472136975017,965.6893982974223,1.7077321638652805,36.32332419365021,-114.90448409224899,393497.1783413325
6.859750633555465,34.05990690920015,3.8061615323029763,0.6799253850553323,828.9744332631484,2.3504264193832447,41.686651893590245,-121.82721221232863,338097.2530206532
3.451152308215153,4.133760796670163,3.3446442437494914,0.7110807021060661,1867.5625270372573,1.7066054929345043,38.3076421563771,-115.68993211010226,271466.7045086513
6.097406268716974,42.4998905298336,4.827938965132257,0.9198986448886914,4552.871845182906,2.8209968749147847,39.42136951051607,-116.91142886795726,300815.78498482215
3.8353933325171767,48.965701596849534,7.990820984506006,0.7975983922173582,256.45662234253064,1.7567303679515287,35.77733703411084,-114.3721349117193,306194.2169842723
6.981657051533217,34.08703469412868,3.709300119835932,1.1895707495786427,1954.9607505927222,1.9651089160782027,38.86451721952926,-118.2873817155738,370534.6453958317
6.483240680753187,49.682862371799345,5.7957990981380165,0.5,610.1976383535989,1.5615172340027679,34.949077790559194,-123.14832833289444,341037.5092389385
2.5567496371186005,8.723048032868128,4.020952374182432,0.6528289567853042,584.248816633457,2.782221341146642,34.82842071652205,-118.02601108812847,245680.19689646867
8.598512900020241,25.348225663498038,4.8533510133299815,1.7156788800699632,143.08935705504985,1.9479472290119269,39.28986091718955,-117.13419071978713,476304.66057182284
3.2492426321780488,31.69214343121781,2.2289134548309706,0.7287120130607929,500.301336798606,4.72747925476969,37.45324999449788,-121.79678971287572,182294.1008467257
7.277844105299172,30.66856901848052,4.936869718771272,1.59737131124117,245.36209102218052,3.6800455629715056,38.9911277990127,-120.05886616487271,399013.0965200714
5.586608463148998,21.474550733541204,4.99321870240958,1.2421352782360549,418.27770187713946,2.901053845290316,35.05966566210687,-118.0149658594832,335929.2423257997
13.502977356813547,18.24230487767933,6.534604682474961,0.5,221.80832681787726,2.016286092953846,38.187871740038936,-120.25894262683495,708399.6670263273
3.9193287840283433,7.468025150071359,5.868889917836278,1.3541316780864827,424.5762499914675,3.6337317577748633,36.71736967217957,-120.25052282761337,241203.7245849377
3.6342760213405434,20.97886497867619,2.883376537600705,1.0529330791228588,443.14172637464446,4.243338937817612,38.17112272503252,-122.66913360827202,151755.36381248623
4.429772536017614,9.295701570379741,7.6768163124914395,0.9178131775001039,732.7136116942745,3.2263265728879165,35.26335745632009,-114.59253276922334,378490.39651283424
3.73628622567281,38.45264950110314,5.841636384466191,1.1979828372688017,132.32356030714996,6.698281009509613,39.296784154666675,-116.49505615504904,264499.1512215025
7.242490515980428,11.650377710224088,5.8166263860727225,1.289853394226717,156.7233034758905,3.780357791686465,40.15632897851492,-123.98756561133898,352142.754035919
1.699295298689349,3.9868305695112265,5.380717057891209,1.383036728789848,955.1938180536633,4.743634475070845,34.96920650164837,-116.34386715977834,209532.41160935134
2.3816429115618174,29.17067302867895,4.312709360833339,1.571301139019201,299.6340458678375,3.21164320414561,35.3558953186286,-116.60205007342141,225672.81015230296
2.361550150995907,31.356716368689483,5.857384913472325,1.2632543651113426,1947.9441049434038,4.211556214867378,38.78096556233138,-123.90269039844478,128315.50688013117
7.926285820009805,45.46756612530578,6.398735715450023,0.5497463644854553,833.1966777284647,2.016996217510009,39.108059155883666,-120.30395702386235,369581.0829632939
12.507994796092216,30.426062233301774,1.7315190481743348,0.9105418169395236,1220.1903500726153,2.388823101219038,39.18894700177577,-117.93252309674469,559326.2646456222
4.209443563956724,18.61952353989573,4.268602241573199,2.277219334107449,2726.2772705562998,3.577562765257794,38.98563579537045,-119.47249348141965,233558.97446491077
4.049959844317634,41.95360595784235,4.864611362152463,1.3897964241526912,487.9872059497723,3.564592497134718,36.23167331104912,-116.22013881279493,283349.01825931814
4.67407507322821,28.554223552558476,5.937958271957984,2.047714920324599,374.4705997682028,3.872134523582639,36.25110990683494,-119.74541667365565,295306.8482036737
8.999121680919064,5.0432945161907785,7.905953112446965,1.6581736328796741,1590.33916788075,5.20800281874273,34.92076742462162,-122.46137030546163,527605.321696955
2.569183436637203,29.85837857597558,3.7793442893467573,1.1967208286222994,1107.1158328214606,1.4733141899526758,33.98992014901545,-114.23584375726172,254268.7837743931
5.170768841955571,47.30894581650478,4.354280121682532,1.220562827912447,551.5153603079583,1.845543337844493,39.0794851042706,-121.57960007223953,269626.48956765723
8.04554544877482,21.21194390040925,4.323678367642245,1.0853679840492618,2674.340179288824,3.3695739786327192,33.385293466736975,-116.82307689458668,492378.53847257147
6.053620373823002,16.112615896889803,3.716792060780463,0.5,537.9446587856015,2.0913675540962364,41.40902672447443,-122.56843688335928,321061.7957980717
5.021601817508496,8.316942307919023,4.670908360264249,1.1072189009872897,687.3018965576334,16.262862280593723,40.353519884878786,-120.70987386216068,218892.47296021823
8.171297063230117,8.723721618703223,7.01868466197474,1.5842698210168789,679.4085571701113,3.887863622964835,40.646304529593934,-119.57972391569577,489660.62612798414
0.8852020315413771,23.07134570143276,3.1869454597348743,0.8601440020715186,261.2312695226088,2.888780889362261,41.11335373884431,-122.07767995472936,50000.0
6.7310098992214575,31.379671032238008,6.298410229821097,1.264781199624724,718.8016062157327,2.3216203380254394,36.38174722187078,-119.5004042363139,387633.51510273194
3.0269472098344887,5.111385663649689,1.8260053169614956,1.440636418357279,2688.5577526887314,2.362968950853535,40.54365687182881,-122.4283717700825,104241.77138346249
1.4942438036030046,48.91799804028345,4.221190207471368,0.7361278242750099,1037.9141107667003,3.0497826648604582,34.00158235277067,-118.4099346101411,124817.02347107546
6.090447497418888,39.51181448970499,4.70807246954223,0.9194788542625343,686.1274697311967,3.1771703267865203,32.70559704877824,-117.36286747479807,377333.92599936767
10.21845221974761,30.917819832466797,8.917205313119537,0.6928354038091364,565.795507547087,2.3908535298588274,39.956468249306575,-123.37565715971989,471665.45634343114
4.126918040463126,43.25037221788853,4.822915160019355,0.7711337573242374,925.9933270459629,2.62065392608682,33.210568155970925,-115.28867878917832,341815.8376410784
7.9385030784424115,5.089524597417778,1.0,0.5849578865387756,1407.7762749901894,5.88344389930316,41.89098433959626,-122.14859114957964,305372.0421296923
11.79135876076613,25.318782764389343,1.2023332955913757,0.7398206154487894,1223.216117325641,6.002958801887405,38.91056608121478,-121.74637574679676,530271.5554390334
9.864561339600355,33.134749469944836,5.47146213132803,1.6677822723191358,477.29518605578915,3.4076298465524713,39.6577722473,-117.38650159916936,540360.764168356
11.988869978769008,43.26129821203275,6.688918797158808,0.7338091883638831,920.375366697016,1.53628956583481,34.835136634639724,-119.31248939565586,647615.1762883858
6.995565824130673,40.95694756251265,6.188457301017231,1.150583687624276,1074.853595600827,3.9324064955786424,38.90172124223704,-119.00604400828934,431538.1212068709
4.689191517832988,15.130531735383382,5.75189722218208,0.8988524985316177,242.93769528795804,6.534796592986823,32.910589403922096,-122.71845015436867,273910.1369410985
1.7139840473382324,48.98488864751942,7.840745154761901,1.5715463748147758,787.0018044091398,5.958927713098665,40.45934433927421,-115.94264178123592,135915.24313283424
3.866549499462805,7.341637912974388,4.266858436452024,1.6244649186414466,76.60758660612468,4.337130378908995,34.11142888379994,-117.8294575389579,279295.1902486364
2.70216159327355,45.63181454967876,7.279312167656333,1.4456279928555789,1077.6453514539883,6.117854588579153,39.12490163492082,-122.64617956690545,172089.24002540045
16.48689182782308,50.51795272983555,1.9727687414445239,1.2224538212411022,1287.3524893078172,3.085433407793072,34.63256476171092,-120.26000632974404,734312.4289058307
4.032830604044521,10.034829684353904,3.499609550830061,1.0075761852636407,1404.653772012883,4.112583767647424,33.1503051095474,-115.8959006726497,279854.7620724239
4.8255411506190145,37.82536927439305,1.605213070643186,0.6232501183235002,448.0716478347643,2.137447193733242,37.07418994621925,-118.31644954013379,266023.7497753747
6.23944493452475,3.054561457677922,4.822824868593437,1.877411552448879,906.0068212825153,3.476870918952341,34.1082189975915,-122.9135122086707,417334.33350648644
4.60048378134857,21.676564082096903,5.302851443740681,0.7961307928989787,2762.672660858697,5.840212142700573,39.42971788910222,-120.27222954210713,248526.46725649654
12.391746228613496,27.330448259081376,5.6396131336756925,1.3654585388131366,2734.6798416854936,2.23734141853311,34.756875512143104,-121.57305601544266,608154.8590746872
3.0845641992665693,30.612906521391338,5.529955041062984,1.523826229049359,646.0179571056569,1.9528274276030169,35.75348928424037,-118.82534446346274,202320.46885270145
5.036767328104197,48.732799660676534,3.452138005295372,0.8778878012378684,764.5746229397987,3.1542301903821963,37.89067288701249,-115.5663887112801,347413.0501565249
2.8705901866583305,35.284785052003926,5.000494226732247,1.515205010926385,2020.117879204497,2.6822846109132046,35.20719863698446,-119.6373286519558,201272.20903139416
2.029899923901063,25.545175512181086,2.2553619959279283,1.4056852813355423,148.2941772028962,4.156086392909375,36.09088710399463,-119.66657969631677,121435.36161618988
3.1047666061438655,42.293426849560355,8.262780847777726,1.791185534152706,481.50867963805837,2.3949688799640074,40.24840682488367,-114.94649097672963,275253.4911005082
4.383195049305,49.47717386867485,4.7623852469141985,0.9122614134293157,2528.9777673218405,7.093790385682696,34.202493570829745,-118.23814587492727,319320.7214208877
3.4639815528269926,2.1253735827968327,4.373339150008249,0.5856543930881141,1763.7553591938106,1.5764286665913967,33.28091510007837,-118.33808912602593,333220.00537496404
2.9581007150687304,51.10858488505797,8.736774689732574,0.8978040978221956,962.2398824621413,5.623011604758265,35.61939895876368,-121.38090108124611,189604.14987604212
1.9274724279680466,5.392739092247697,2.791282279546619,1.1835414170137328,147.55007278354557,2.049458036678733,36.53157928663184,-117.92277252162873,128707.47299573227
4.263697136956973,42.53372574270683,3.036267060532865,1.1232850908340226,632.7590911221967,1.2238585732794374,37.655263180297396,-118.24089532582603,253422.74296683914
1.8169654521945455,15.297072380122037,3.0979373177760134,0.9426248414901799,368.7373506523761,3.383591022396411,36.03802511366257,-120.03148529658137,162093.23488932053
7.071223910943729,7.741162545447459,5.257470098431089,0.5,926.1524952815925,2.645065971573712,40.00416115211665,-114.0930443410082,422602.82315015123
4.708944813194512,23.43263762540558,6.306426422238955,1.2881931984516428,296.0869956024698,1.7249452589684962,32.8735351328505,-115.18109035051913,429877.14705286745
1.8691225578013209,33.84178555182829,6.953318483047451,1.88893779163288,238.47789081006923,1.2960375277944503,36.6017916128863,-116.50413709923184,151660.44875740376
3.7227943429888004,20.428544096197225,10.801190166739435,1.2857004952492015,84.36348976747958,2.991633640817592,36.13143118923584,-118.62654411586999,333947.41813900304
2.853956156021505,3.782835822417647,1.0,1.3436542076214055,2257.0291339032697,4.893552125488126,38.65199566266516,-119.3794019810537,124098.03760846349
5.427641569940515,31.57251812259455,6.678344737161276,1.3289781224620407,445.960101080222,4.024806143251126,41.679624393025264,-122.151026047768,274118.30958094075
10.01686595324524,47.02256708164441,4.230025797598315,1.25881866795296,778.3262522971958,3.090563152856937,37.34856636297419,-120.94262525985377,477843.7017072676
1.4548408572960017,20.543983663309838,4.168528187333576,1.472666386747238,663.6546332578604,3.816843555238458,41.87533004594634,-116.2603920017679,76087.29113740378
4.801919085490164,12.032971659172178,4.098478530666857,1.2581494724742663,228.73544347285787,2.963564994906531,35.371369251675375,-119.46251046062449,291513.41036451014
4.07112886196901,23.571444642573585,3.4915836913032563,0.9749291321386897,188.84660816989208,1.4698169636067226,32.79324725915338,-115.17730483430499,292632.5832993471
6.704668306065814,3.4664982634878245,8.93750215266725,0.7816044359964984,243.3948140408165,1.47632074191029,34.07380009102592,-122.52088863654471,435208.03764716006
5.0932593882066035,42.84486680849402,7.168824386729196,1.00041053788773,322.7350026219603,2.7139787605768935,36.25368640535839,-118.91652903986363,303426.2269741297
2.854276514342892,43.14338135845952,5.448711554970488,1.2256517985802664,959.6860953819265,2.772289066727382,35.50517213729125,-117.53034315978691,255427.71370700025
3.700868932131319,30.98802363491105,8.237133080222701,0.9735668155508107,300.14999603247816,4.5974018984746685,33.42201424434209,-118.83151543692074,326635.337078328
2.779815297974737,19.008247335857863,2.2236891728723616,1.2257354732525723,3814.21681464866,4.387028470420745,36.61027102306181,-115.10773108415013,266675.6033497918
8.547204608870754,41.78895158673495,2.605519224205055,1.2756600534801672,1857.8051367121336,4.065621036671072,35.712099830765844,-114.1043671817086,497986.7113728171
4.539364340765033,29.289038264206727,1.0,1.4332717725080728,1492.7264359906676,2.6113273191415867,33.66488259434566,-122.8416534165863,274701.40879246226
14.023218377774697,43.12254773605083,3.9312294657410964,1.6131179875355923,590.1289648627875,1.506326514454778,35.31311274081313,-122.70045095923079,729056.4431056309
4.321504094626093,33.204398421734055,5.739566906079982,1.1312029673915431,3023.8336797992624,3.6915099265156477,40.921142525876206,-122.69675886439879,177249.8284098944
2.929863807461862,41.00467913385266,5.6160030136579016,0.5768893739409358,534.8542976048006,3.906276649030392,35.36946422214873,-117.18822903929473,193963.576566196
1.8071867682010816,31.526712654105758,5.71361801322575,0.961958361272324,644.6700179754466,1.0,39.28257652079949,-120.27323904504162,136694.98351172678
1.5190971744993431,22.121194478998977,2.4367806547612285,1.1176250269626398,788.3755319683942,1.9794735127739875,38.31444725674868,-116.66685338734094,91067.40205659508
1.7324185434288377,49.855238856233015,7.086624959489447,0.5,1341.8748281196426,2.1264901662180646,36.55822104287953,-119.94528527113022,234701.96970760814
5.260762565160106,28.59680506882108,5.903217788301896,1.655465808040993,1257.5341755784755,3.187302986959734,34.77074354963486,-117.72393278667937,400724.3101166453
6.081400494469422,31.85956544556746,6.939413991078597,1.1569511650041866,413.58982488734557,2.0103720081289373,36.00563964378648,-116.30141994321106,465657.6901605034
1.7354826840674789,12.244869610152211,1.4251994270608912,1.2525411338321142,390.335365275168,2.947427380856156,38.12501852797491,-118.5178408934508,126764.05906846772
7.667748212029066,32.9081902607911,6.054130803475359,1.6462105850105064,1261.3059824344252,2.7040010049222816,35.83215554011887,-118.60496409549994,462607.2463895704
3.354032552703206,30.151990123630135,2.905692996173194,0.8479428679430614,1359.9953830269812,2.774374355304611,34.5415161189552,-123.11765674714366,193554.18035010993
4.894322242192585,10.426758295298272,4.5656211696421405,1.329616772353612,448.8320997586151,2.0997175866740574,33.606396114470506,-119.89218257090565,365330.46857484354
11.790951048099265,4.038941965010329,6.522166287136406,1.0560543507592257,136.02135974079906,2.182579584643965,40.85778591014087,-118.54222846775062,555105.362699894
7.67603846740218,31.822325305453326,5.591296573137418,1.0263652531936323,540.6023084476988,1.7504387487958577,36.68297326964311,-119.3801917433359,353459.61585243547
3.8147747176260265,39.948305736866345,3.611766042463431,0.7911230448782484,1240.817603309216,3.6329090564231414,38.439479056557836,-114.99217999811574,220753.603346899
2.625534947357421,27.69346991702242,5.413173627987279,1.766241285474611,4045.7282340157394,3.9970289166668906,37.15889843079965,-114.9346936788051,182568.1050779142
1.2323350190630096,12.565403891301932,2.1837758379883496,0.9497999839697717,200.74632326378787,2.0435551771149925,40.78938192440065,-115.78082619411238,145130.52452382553
2.911033021671974,34.99262081134478,7.815561531386422,1.379785698758281,434.1667805095295,6.425793004619218,37.695881098258,-120.2470192462688,252890.88530996323
3.9484451033906445,5.085392057089715,4.968903559057873,0.5,450.6073946213759,2.5669008499739365,37.06742347051657,-116.82700848312466,241674.83786298585
2.4785960319149107,23.533518944899686,7.748954882936185,1.5719954118759147,2580.672594366789,6.456535101462712,41.28370940900627,-120.0471153893039,181362.12792595327
4.142277758459102,9.33170467831943,4.2942834570983095,1.5208844623828235,642.3019367157356,2.1791533135615055,39.33705116243087,-121.6740640102424,248657.87798151528
4.693183466861376,10.407411604054051,4.300490424346176,1.1389736441189213,268.45235264145447,1.090581577948105,33.55972411979514,-120.57097356449118,278743.9503726225
3.9160614278246015,11.316991407068386,3.7952077480605224,1.0092230135448303,1162.92688495725,3.6733311197815595,34.18819238136973,-123.29035366714464,237616.7733321699
3.034353695753316,20.722059909242873,7.239965256555458,1.2600000022454267,443.79443898143785,3.4016906313763955,39.977667197924696,-120.68222490995353,167304.81919413205
4.958943942159453,3.6086604866402787,3.910194569610201,2.015516264352116,195.51023414871253,3.0562751329085454,40.44058755120957,-119.39257782738828,281473.06703720614
5.842532731592357,21.287465487384008,6.753650408071871,0.5,272.38777453972017,2.179038579134541,37.67931287635782,-114.4451910521917,351185.66424415755
2.3297490397952836,27.09707980284974,4.596849964894491,1.4128109550296513,3767.0291820471184,2.9526819332453034,37.767324664733074,-120.86589413780375,152105.69295977155
10.449555356076038,25.648008533282585,1.250477070227599,0.7353530791384391,976.7289881009333,2.3265122810737666,38.50336314708872,-114.97546460794479,514008.1567282684
4.22427277033531,20.52198912055507,4.202340457648422,1.0920326414801076,740.8217591864758,2.582673794726701,36.67159985568507,-121.71141724176503,262151.6816810319
4.53266367207417,43.796477011608374,2.923872749838019,1.000847952368535,518.0678738053292,4.575958238722428,38.961891673097085,-122.0903110224075,196965.7848130074
6.854659595593497,8.411661313445709,5.4711957197329095,0.9286726968808978,890.8257504922398,3.2940197080925735,33.53057194688095,-118.81004543567835,425236.75981236016
5.154807007058437,26.79053393285007,2.9001437550835707,1.0958139483789084,880.2763973040431,4.075427681357177,41.63215280249017,-117.27488630702594,241362.09399274987
7.939751522293952,4.1641122647842685,7.344547711500695,0.6463315418888839,890.8435547924701,2.675311298069144,39.62647082605176,-123.55667749197718,459047.42530539865
5.324264069432414,4.628939622773397,5.208740693258643,1.511672174451187,746.0891449210587,2.5319539757876055,38.49615493808557,-121.78934134952783,278575.89779494714
3.1035219366836504,30.26715833353191,5.027048411006649,0.5,1585.7271301478556,1.687517872054672,35.505059541590064,-119.44316333498683,202842.56392839842
5.56725500740977,29.866939669278867,6.7773734893539235,1.315905805131337,680.688200539993,2.4967295456461542,34.02907713083893,-120.68995664016819,381956.23315995943
2.2563856780517035,45.77970915506731,7.4242045615593115,0.9693856589861716,250.15010669228656,1.0,36.388758156374976,-116.87378920651678,215079.9858159449
4.783324579498825,29.451557458663732,5.357792621283732,0.6316300424770186,360.5306987378898,2.2364482769651293,38.78497903545355,-118.88839403958683,233692.90481935837
4.393218076654945,49.94934204064736,3.78047937094649,1.1809533482394783,91.92576107991302,2.8836674708477434,38.520242562519556,-122.39640894396099,275843.68273832893
3.9555904639411135,3.4834372683964183,1.6746638061645283,0.5,5048.351917540407,3.9822095442986374,36.13509097312293,-115.0553462068491,269072.30435970484
4.149042119973539,5.9983919238177945,3.9592955102261222,1.115885528687854,1576.17230015683,2.626523375496069,38.32622074141473,-121.0709432451664,223684.21491507263
1.4490245018739556,3.247358940089451,4.103854282039281,0.5308492368753783,290.01408909040504,3.5745409815118614,40.2306088078917,-116.68868891035576,130207.87800575835
3.2244585844240183,10.44911936701054,5.624820651283824,1.2845088337271326,501.77667520740744,1.010156904022525,32.74970533720727,-116.2008422089459,367144.47247198934
4.738435133963927,28.604775658025584,4.675191549610143,0.7302570665478498,351.8213526177962,2.919994036245788,36.78089995533762,-114.36842299743898,276858.2002483746
4.932834811132617,33.92418125279883,6.844659241307999,0.9196023931882763,3110.526275807914,1.2972525481616015,39.70627467043452,-119.01492533475898,291565.8689198777
2.419098416154157,3.3248430553821087,4.1127351303315525,1.217579755177265,160.7938059399617,1.6418903691920426,37.68837246940208,-117.84164484535567,258797.75359246074
9.57757764439996,49.24451538212556,5.280213549608822,0.7909831552631057,745.8138653519184,2.7357817478835513,38.68902283532616,-120.65123706520467,470786.7893367936
2.6652426151964375,43.95043420916944,7.886373630713468,1.0768144001326792,596.7344203834006,5.686710684715528,37.408425729750746,-117.21820706587934,176284.77290766806
8.01788218514112,16.127236590011748,6.11783294930543,0.5,1520.5670914013187,3.6168496399686005,41.92280817448196,-119.36616514133681,370278.26989758457
5.7910673432319255,4.936564041549866,5.273921162454015,1.3523502414384623,599.4369346031051,3.031675686696609,33.01890459664586,-119.62347635275577,400217.90057511115
3.041234790680247,9.664240734171921,4.135916671936128,1.8059655222203088,114.6393511193341,2.974972529776673,37.16492580683759,-115.44532470883894,282568.2711161175
13.003083681030569,7.474165101503607,4.070214066898549,2.2168835471639845,517.4340955097127,2.1026228748106126,33.36845721658792,-123.49831156501311,665067.4725547387
2.1898168297483194,7.28747274424629,3.6137121688009097,1.1364672586665758,251.59930992011246,2.288755667654835,34.01796284007892,-115.18037572168132,268082.44538256933
7.77950338714152,27.44664612195243,4.263885581855911,1.4152816563188748,720.2364396869856,3.719867400918575,36.13886432897349,-115.47930162171443,414743.96207967977
8.169023595913279,13.538219567163415,6.986898261363061,0.5,2791.0608527917393,1.5027845303467045,33.97763086925463,-118.9363374643821,465689.96329841606
2.997048210787566,19.265125542986368,4.934034630286236,1.7010937305222353,116.81304558012265,4.041140787033977,41.65502807658818,-119.09797145794371,141455.3321519789
10.33441078645839,51.46477200260045,2.565476554299415,1.4104914018896426,298.8008400300014,2.473777826148058,41.49450287888901,-120.3819263196451,490569.9948976473
3.857317876238302,35.90002669519258,9.113155515425547,0.9064266220195069,382.72129929614846,4.53932597527115,35.69304163909574,-114.05826208318265,332200.20013152115
5.3292801755606165,49.39801401939707,6.071926901404843,1.5948723201156039,454.12337153129744,4.857610880244021,38.577603264357954,-122.88830667246158,267777.8267760464
5.239327253021678,8.270384306688896,2.4454188589223445,0.9982095693418634,1394.2691694457878,1.3014226259055168,37.57065654564097,-118.09784764371393,316005.34539609595
4.134699920053775,20.489113216461032,4.47211725279427,0.9167899267941775,559.1711412821151,2.2461319834873072,40.248076314899805,-117.18318409887583,273689.3327738792
7.2898645375695486,29.29132196740007,5.632861403939678,1.2901339701709966,1008.0799144734956,1.958612189825975,38.46073329326095,-114.65669991783055,411496.27823105775
7.21450247151609,4.914661156325639,8.979643395924493,0.6746582000678727,355.7495443906485,1.2136544535254972,32.50239831766034,-116.19796503143239,547427.5176381444
1.569694188601596,1.2135596250258511,3.0729638376563746,1.5086499057599794,837.0839343233065,1.7927188209688456,39.75015666329252,-117.56152797188453,102814.42926266295
9.802173489481241,35.19215102364279,7.449685510647488,0.6776040752292627,1447.7959302669562,10.182065848759942,39.595057152313125,-122.83187683187877,510255.49724856974
1.652856175982812,33.732795356873204,8.338921496641921,0.6799780840707256,319.8014870296632,4.0745281480800015,37.34236570288157,-120.26266483168533,133778.47755272314
8.32720380874451,21.950229309980198,4.0798259593434025,0.7361240846366663,1452.9599794624057,7.835337762337646,41.07773024571401,-122.61158357452015,328584.54048915923
8.811195088378293,25.971847877633664,4.81722140039351,1.403800015006449,700.9052884655532,4.54737080098945,41.13023895405881,-115.18787267534486,465837.75939156295
2.3289561010197772,22.18759303019657,3.2237505805150826,0.853289855392117,1892.1333734276018,2.0731691347647385,37.477160928691774,-116.50378844436356,189917.13951437807
3.502620586139538,2.2242572870893316,4.9727316037313605,0.5608016862531325,543.7992211292259,2.4821233954008264,38.275888196367106,-116.42463213202771,263939.13715158403
2.308452066673291,18.103951917090583,5.323161053879845,0.8577280000256808,973.8376979041292,4.031820819285063,41.96695968328439,-117.47743482226456,144714.61210217685
3.9394746695815974,10.031195025261782,6.7852649959729785,1.0871830517278054,638.6737549216712,3.738756620489014,35.338792230708464,-118.92956463063291,263112.8229470697
3.7254193753781517,6.019633644169806,7.689385289142939,0.6276110065342458,604.1289919468437,2.25089742476519,35.58386380195903,-122.50028940536502,316788.5321147358
7.154892005772088,49.79274212835684,3.8289982642945413,0.6393275563862626,861.7200312937617,1.4119947412125498,34.236352075303216,-120.70305113294948,429815.403295723
9.837339000086565,31.567345977150445,1.2686173651254116,1.9445185336398338,1137.7495020389645,15.547200553345567,41.010735921999746,-122.6308420752311,413996.85014845454
10.354386915441692,38.161470496066734,5.3553859635198915,0.7557738384744452,190.6491996095924,2.7994561434375194,39.57263970451803,-116.75086857147657,512582.8435253476
3.198555123887671,17.083550906571993,6.016428812934145,0.9707830524907973,2789.5445250496805,2.552646217391295,33.5036070642673,-122.39771223977995,263137.42062496644
3.9529687375809397,21.050503604194777,5.923777144138588,0.9531051996802857,103.57924370867362,3.1793196645971213,41.82678983638067,-116.97886449828314,229379.25939256977
1.6322135254681036,13.083123688732897,4.713986180231008,0.9314572768918233,335.35440240824187,2.6608236170674937,39.444136227530606,-117.07744610404096,176528.3406156941
2.7634446416004685,5.945249219236662,5.661979409294263,1.348538695987641,605.3040714657565,3.1942887636198933,40.57996004124726,-119.4069552100871,205687.6350251218
7.995756631213385,10.130613509520773,8.582434097539721,1.47925718018882,1004.6112895271802,5.717168372567877,32.95743249714541,-122.64771345881948,491372.33576489874
11.814761144349573,41.67321631012078,6.20164175482127,0.9776182273873633,3216.8970592631035,2.8227900073402665,37.29712872995059,-120.85199173865963,548052.394733238
2.136973716205011,35.554836064372566,4.615926307493523,0.6054086853630605,103.72140553007455,1.6797496766783868,39.13668372390687,-120.79906890924448,183631.66127874464
3.1409378840466653,28.89337267525932,4.349584584098409,1.6097760911395613,400.3366714060159,2.7709164192546076,37.65799255343249,-116.99614866856706,238193.9688804715
4.4112431617618695,25.22958351620517,5.043310048876766,1.061863563521327,79.29432101965924,2.381663300376898,38.83315092414313,-122.86256980586276,207941.160232711
5.302066738947015,48.044148466462346,8.837153919844344,1.7921287259428675,686.5108115692094,6.122371176481203,40.26980360410949,-115.7093135378391,326185.15944466984
2.757261254684287,4.709482336712089,5.015068509994986,0.5,872.780056731418,5.395469027475461,36.056202098121865,-116.38992709814086,192529.50787380544
5.780190419422859,15.310641475133714,5.358431876506514,1.1781612885133281,3264.2840655091754,3.1700979935886835,40.56235241837774,-122.13693081825726,309627.32562528824
3.37264192674932,18.846830532106416,4.387141501033764,1.8674425335504834,750.4212840482003,1.5850755512394583,34.047702995270264,-116.8083561822111,241511.73906291137
4.442994728469205,40.90371642285218,7.7078650506281265,0.9586943458247368,1889.419899468411,1.6275142784121719,35.07341752275056,-117.31486818532179,326238.2916227831
6.220003993559321,51.61824562826054,9.51565823496382,1.0098026306661456,1192.535607122641,3.0269685216420843,32.9117833893096,-116.51879199889073,457377.31403614895
4.498991955919037,13.274196252614807,6.346287403805916,1.2182046766361356,430.4158364923228,3.5543118946997034,35.962054707684885,-122.11071444551305,314659.72273953725
3.4492901825411537,45.58967404099111,5.573823097949394,0.8764816724460172,162.5587139633157,2.4910108459794227,36.109140675829146,-122.42409677843531,216034.6513951122
4.196429806166978,43.361760782021356,5.477243949665893,0.9751712271789069,875.6813756034671,2.3629603248343596,40.15007067346888,-121.63516014077246,224054.28850989765
4.250268785046112,12.457527279730098,1.0,0.9648739623234388,149.58996476681222,2.2335681710353694,38.70474136775173,-120.34128296851024,214300.4597595146
3.5894298799327795,21.365961590160353,6.964816814998117,0.8490317062294508,2428.932337910702,2.9692310687334653,36.648864302478835,-116.063350189642,284393.45344046905
3.837121063614538,21.893316333918474,5.681749473591272,1.5915426200802238,565.6287238095277,1.0,38.695082796925604,-116.6207606252115,265435.0244300748
11.695314626240974,50.88925409485447,6.299518306387522,1.2844312129185742,2197.723677222664,1.7321037074272645,33.001441829899065,-114.74548407721467,682391.4542601575
6.274863104505049,10.225486970323814,3.90592939242422,1.200251292841321,411.49034868950343,2.195642198921359,34.21257959217457,-123.41370440901385,309458.9070895464
3.7535865985664305,41.75705652634388,4.592640554148108,1.4234284027560469,870.3111456601563,5.49452200865459,38.45600462479667,-123.88443718985815,148693.1692522145
6.808505522539643,18.043828422828607,4.536847633343337,0.9942576667186134,820.0365048151776,1.9998919998672924,38.59298478264037,-117.00861170299201,391814.4735877448
3.6682265124206777,38.27438763458418,7.545408266553382,0.7903184726588399,635.8456733875878,3.2878507075462835,39.854279257720556,-121.20712504205834,197050.73171765165
9.060051302368947,22.420561219078806,4.604604343133504,0.8589502781541771,431.5314903274941,3.364473123873254,36.32849771100922,-120.65921104466183,473345.51001564896
5.5945075137162705,30.496347918943542,9.773586676430575,1.1007132164418436,984.8171786073804,5.748610956426046,39.364263917853485,-118.53197974085488,323119.9096756846
4.202244190250918,43.463200439632686,6.304811079931579,0.6763153166508393,263.4429237915457,5.647927724650771,38.9978131593218,-122.97586876873201,179175.43396330308
5.862816710851524,42.01244381417809,2.721066414008964,0.8998955933653299,198.45545582506,2.919021669949953,41.652237094513566,-117.57305583451951,256627.7207438437
1.7462564212696845,45.18758236052471,5.130052784170891,0.8935533432514262,2304.9791119451065,2.36850186169765,34.54373715103445,-120.7485255376885,156204.66201956847
2.2794621560158403,4.04048359257761,4.031482243471528,1.9498224919316056,1376.3192282930902,2.155630914780531,37.74095585565007,-117.67284875699008,188220.55432038862
2.189438232670555,36.29457820502699,1.0,0.5,710.4450528115487,2.663040163496613,38.21676220004946,-115.65993086926613,164309.06785654044
4.8830296485854054,8.139356212809906,8.758888974238959,1.0281521114377468,3516.221950070402,2.418102938012112,41.9871549068751,-122.2888866666257,246909.99811773462
12.673446776635556,22.206746968938962,6.876599338662009,1.7902775171259084,508.89132214852816,3.962256573175011,34.41124935058319,-114.6912690708548,696972.9540092923
17.09489853505378,28.97800916778911,6.519735367588557,1.1487377856529817,2496.6452756823787,3.706747875390123,37.470571189689274,-118.69311858937556,800000.0
6.572081892161167,21.53971372208837,5.74734768662938,1.4013669893684373,792.8024591980968,4.038610089687056,35.78876042327957,-114.77072234826032,505128.9918660015
6.0527135065299715,27.500195465953382,2.4977631057458813,1.1399305260399073,238.70995795507005,5.638634102197368,37.4959832015005,-121.92269917798222,258460.36985044624
1.5209959636230124,51.82284174872957,4.3844040069335835,0.8330666475134079,4221.898518536467,7.625017066344525,34.705221719979505,-117.95437335395762,135077.18083575935
3.2361867904281834,7.896082999355591,7.167739627046427,0.5,1791.3249966965525,3.1973799112949006,32.95231759506114,-119.96112882676395,305823.3086726499
2.793596262701821,35.448258312157705,3.1924379374567446,1.1821822748145212,589.3256805720114,5.205583948552928,37.93937181202804,-116.25777808843986,199401.5861546133
3.0879005954424206,21.196049285666376,1.0,0.7897573581590436,1376.323729747717,2.5197757465087856,35.690616000677906,-117.94091056786704,228609.4691383254
4.051607471232734,7.783499744273768,4.923077383660056,0.7798658375338785,444.2096190516001,5.433065327991546,34.22844331661012,-119.05484543041682,281054.41409002076
3.3761825676999715,9.095574932089786,5.1023091365421696,0.9004050976083553,1524.084277721144,5.107727446524985,35.57738787774132,-114.87014593568992,290142.6389339874
1.3667287540111765,49.41292841852646,5.68468317447089,1.7979445626493975,60.8810179928907,4.973918623987741,32.968161913753576,-120.22882935828319,167743.77134096104
7.019880209164339,45.85967633229986,6.929889151380527,2.0619350169015895,239.89436156695757,3.148842486163251,41.52920122385598,-121.80019795101819,312841.4176781439
2.354560732414017,47.259139981166115,6.738972205685538,1.1868831750113604,1770.9293500280592,2.1507592471377484,38.020905192245976,-117.91898813147908,193544.68776647458
5.173493152379702,51.568171567196714,5.943416591012236,0.9140931104353089,518.1912910242048,1.495911591278841,40.240302472796735,-117.75971562827186,312782.3157305351
15.556049554595582,11.624084890434416,7.91061591498209,0.6291094330195159,818.5563950192085,2.944624769461834,36.51962287670344,-119.60905378428124,800000.0
2.5814964367853195,19.127406205567148,2.2101634602920393,1.2874160646184278,172.98663512218323,6.465667603260878,41.081489341878765,-119.13389956310618,114372.45820840761
0.9819916107900704,35.1301705261682,6.4596218104025205,1.8131622400260579,4221.1673656286475,2.5730129062476,37.09152310474641,-114.404465857001,198293.29992026105
3.7749889927613673,25.67392953289301,6.71573056300758,1.0010638451899374,2187.532868497353,4.448483683053558,37.95248056090636,-116.67314308603198,293443.8327381472
8.676131772388127,22.337866202295007,2.796919199231497,0.5,544.1988872620782,4.581267471118738,37.172042810595244,-122.89398248517423,462190.2674571816
14.512472796465376,19.248373716115246,2.243971721766983,1.3680198687262095,443.7689939479925,2.606887261640949,39.46614381074269,-121.87869929129388,608257.9738784466
2.143136142336227,31.28281222911606,3.833521534401237,1.49415988458002,1862.3685329367431,5.80182439387484,37.88323273721959,-114.24423365564441,208663.3327874489
6.037678199220211,30.355264860644183,4.010762970717887,0.5,4829.365879642547,1.0,35.080189774013775,-116.73534446206469,404806.358677713
3.3899450978338592,9.234349537276245,6.982180873355105,1.1705936734651812,1726.3424450406478,1.630073100313063,33.88262554756514,-114.84954873855347,302940.1139079798
4.205658949864307,25.05873171344039,4.109468554248701,1.2804904064544396,5836.010258260923,1.9006270381767534,38.258181694388284,-120.96138536011279,240657.52853303665
21.902614389430607,29.227060586702343,3.601668111609472,1.0707570791964247,264.44906739917474,1.9939996351511906,37.14720963469684,-116.58133139913407,800000.0
1.8188743176757318,30.084633875300913,4.1155691529414264,0.7836916323658586,293.12911266073354,3.5542052347138458,33.41176911861307,-116.85997291476488,184373.18446110943
5.218676349760719,11.715466838529942,7.7491279017238455,1.5063748894254225,202.56460687261148,3.4730004437279223,36.25836592503605,-121.05310014560625,346308.404807976
5.933509760236989,38.855841004866626,5.4273910861916,0.938648101612527,1034.590163152799,3.6582880280616377,37.39037600900431,-118.49183674549295,365545.6875135143
8.59750285126956,2.285153835874551,5.023572846750485,0.5059255349200272,792.82581937042,4.04726258262341,40.35548572134311,-117.72584888729705,411588.6397848882
4.753066040782809,19.096424632701297,5.168988452727792,0.5,571.3767940495264,1.8681482795439524,33.22296003041694,-119.18868189172535,339633.6760299056
5.391536038860712,40.790845075317314,8.113326702085699,1.604339807999724,1494.0691176699847,1.6338055168139183,35.810705808337026,-115.72821293341987,391703.7744091863
3.543131212699729,29.75853897382552,3.8267393741331928,1.3466655905884475,2280.9073543454697,3.6625507869971035,40.31523316574866,-115.6713095820201,187150.6779052159
5.267080186713082,14.319284058053872,8.16256741097422,1.1351894188516676,144.65297393201598,2.1921525555559183,38.660027351829996,-115.49399451698443,330336.167663546
3.647655508228311,36.44260908649543,5.842042227735158,0.9238901452596786,366.14446626740664,1.3699338819376194,35.25460405713597,-115.96576430901837,289717.0282894328
6.5074204529822,29.936938151959744,5.06311929785177,0.8884006343187493,1510.420841748341,4.882572058917968,40.5306836592151,-119.11916522802855,344450.35528658057
3.590292941137571,41.60842408227575,10.65189104566199,0.6697053406233555,416.6561561797254,6.034849722535542,37.18628901534558,-120.18561701850993,275461.16521127895
5.61959859142469,38.48628449568099,3.183157071422948,0.9274177421760461,299.4040274529895,6.544208400590193,37.23434296744938,-115.68623716285629,297327.0309480505
4.403687736328447,32.11550402384797,4.657259904909288,0.5,1841.8714528439837,3.2986188835674337,41.77757972240365,-119.09798541443733,230920.61528055626
8.807733571215675,25.897061440851516,2.8118943977555997,0.8055745386125943,183.18561534095664,4.108122239138593,41.4976067807456,-121.53628601372019,354230.50568520464
4.345599682357176,7.792288409043694,7.400170138125956,0.9756249934595626,491.97120689511667,5.95918729381342,35.906060492013516,-118.92656467677784,258389.30346693046
1.5467879942874954,14.327983912154572,8.947296760668527,1.3439520188761676,923.9371277858476,2.1799285586189203,33.835501722299284,-122.58150178080759,185787.7141508824
9.55584396101392,22.37407311877135,8.906837840949741,1.0840294146506546,374.7203768487973,5.234853410035735,35.593833956641895,-117.08370509401202,600269.5170995046
2.6027292850807147,31.564263637325823,7.97029238160661,1.4179692455502237,1455.574076395385,3.4476681951695,32.78959097295819,-120.64078718376093,271837.4478959691
3.0275090836204748,27.199100615980544,4.984997017628473,1.6396540420453718,376.5771819623649,4.743882181736578,32.697294923748714,-121.39341201552546,240724.6986203651
3.134918646203671,15.697410823936004,4.632993947271323,1.5232680375296408,2720.6320223213274,3.2971106041657605,36.25746029438848,-114.43491253765255,253325.2650912566
10.22323280211128,1.329682247275238,1.8905434777624635,1.2882039389514228,586.5475286075745,5.743842175015958,41.43968831562373,-116.23119004241693,474454.8120581087
1.244327808939179,26.30820031694151,9.675334423881765,1.1047450716723137,1301.4966320747171,3.359398302394837,40.77789474170597,-116.12930497276068,151059.5022209287
29.44868096693779,15.566925416674398,6.384853964111782,0.7076847966345764,1402.5172727156773,1.4304805979142736,37.35870692221742,-117.76278030720816,800000.0
8.445502789560669,38.46502333623729,4.366890499774086,1.3959776205517267,355.121504550797,6.208773150720657,37.869650621122894,-115.60827189489703,443378.7154394523
5.124040809968486,2.221259528794658,8.188919466872633,1.7718989528886118,85.32892133284795,1.8705539735097811,32.55636821908754,-116.4083751883662,416960.39652186324
4.336482777571781,30.826218376595335,3.3571945148039983,1.2368424158601674,954.0878514323921,5.621109729185464,34.54726098042077,-118.01226295866384,246525.37354540313
5.319250685879586,49.01518611280934,6.253906271867616,1.8669036593704493,715.0041501801111,2.871626400347242,32.73535420587665,-114.38875598148283,379187.31293276633
6.126805307154958,9.894872622686474,5.037478817989247,0.5,1159.5949331709062,5.408682283100511,39.668125560606185,-122.08405050315577,310457.8791973135
6.60039404851125,25.054124028280363,6.741221993748632,0.6383346460881836,530.3157201673026,5.29829095604849,33.88363506225173,-114.56620281005249,455677.6852214988
6.254884506764637,5.662521582674047,5.266495567709145,1.4420806030993052,432.49566413456284,3.7250172666299752,40.75594747352976,-119.98561838001135,307376.2842966055
4.7291638394753805,32.909777525328984,2.3530514286664292,1.2057160840613006,4956.588650316882,3.873922884260164,38.61158097991999,-118.71601016598514,219150.25057721863
3.981254409146314,29.077115710407504,5.55871038260708,1.6255128706287232,152.57342239160675,3.711047970617685,34.679477426899275,-122.77260680455691,302925.34091381385
4.092827411233049,21.77564173485445,7.602614697938261,1.0938113437093042,1385.6858274925607,1.0975579011190675,33.998343012290874,-118.59892561078209,304906.7590440821
3.98706364654064,27.590228095160803,5.338645547706632,0.7528098309886673,374.4274809251108,3.187271142415728,38.462434658769006,-117.88793248141806,257665.2094624338
8.84862480889428,46.72530758191952,7.027741755337081,1.0145627031179831,475.43081991331417,1.7193871375706422,41.05795131268207,-114.02298458191476,462373.87018955086
6.398950761235872,11.011009417864418,3.2043880800844886,0.5,484.39329389031457,3.2726287854586,39.32442207968663,-114.24807588928473,369475.20453961473
0.7677944838504491,2.1507900969727087,5.344852334133311,0.6485637307611862,297.84276881222326,1.6964345529495644,35.81119319023209,-114.33602708125713,196450.62906437073
6.642845865818637,44.94490911965415,4.088528044313987,1.488977599167204,1177.5887684128554,1.6611730831507596,38.080144155052146,-120.51611939897943,297981.9317783735
5.037156401619392,30.432971201783232,6.968659764219891,1.4491149657878442,2672.163160757372,6.702410587563889,35.452236106038,-114.08733501254957,364773.59812559123
4.43166227978677,46.423581228553964,5.466132280750191,1.2452017139224307,1064.2372892468975,5.1280408931104775,41.99192088439726,-119.4452184840489,236815.00852703486
3.549791708651514,31.444206394071802,6.8491547203068865,0.5,737.5854871028372,2.9979499573445167,39.613972290387586,-115.48163741238099,299442.2016037649
8.797500367542009,42.31821558794483,7.684191894931519,0.9566385697948446,248.03242929456704,3.2949280286613187,38.33662557768916,-121.83680030981029,443682.83121048
7.913070431130448,22.913341531112543,6.852399007754916,0.6100000445359799,1115.2403997642002,2.653931132827359,36.52096185627538,-118.94166820343398,458954.44561260205
2.8186932733313093,39.24285649570171,5.973548712016653,1.5706133015151063,5746.519416999374,3.994578984228311,38.372446757465795,-114.33987903872395,290176.0192541712
5.721502079760414,47.56511481138266,3.3037542571260494,0.8665111465749595,454.54884437038584,2.142498811418031,35.745352593439684,-114.52968603076573,398553.58288685547
2.5017887080929526,30.17827114983252,5.394149167599508,0.6657009156873803,456.695296223018,4.937554318757057,32.774215974851295,-117.16265122178574,232721.5481236335
1.9585983720556115,10.220042678681356,4.28051015576675,1.11191846604857,379.52135589443486,2.6470785012524245,36.25334096238801,-116.0218567744694,183545.30187454357
3.0770448288506724,14.708678366540106,4.6774656909211245,0.8439382172661554,407.7220798687574,2.4353159509100113,41.339567786008736,-122.23573303397599,171962.2619393545
7.519022053513224,11.130873421767694,4.613478283424474,1.6934975640814829,42.72142053520234,3.0369584637780873,38.449860400351724,-116.78341450515842,390590.7518264128
7.939696316422551,13.589708407382378,3.342156292957287,0.8060756409863237,997.2838024316181,2.235414311228217,33.29757917917357,-117.81949191664627,517027.40450220986
6.097331717117528,16.627187916902855,1.2895889628186215,0.5403086963101476,285.5587603899077,3.5407592259172365,40.907439327252746,-123.08448264248754,256224.63318223154
6.924442006226979,29.311823124412612,3.99689959851169,0.5,132.91859606939687,2.2963449468397066,35.05431106874439,-122.86840993410324,389962.7512886358
6.108657163995924,30.98757310265547,5.806096849040735,1.087685399034634,1412.603803794686,3.797191829892179,34.81581018428591,-122.91556382248739,341636.73823540664
3.0499068307761332,22.751487109334917,2.568828204602271,0.8752279544568295,225.42380650674866,5.517932645830508,35.322364203413045,-116.75643065170165,209052.33174762316
5.807519403714215,32.38645977086261,5.432932696590411,0.5284381573953093,474.05860159785243,2.096646485407136,37.983421243196595,-122.58284791752428,345714.61206570646
7.244522855404612,5.160321206179662,9.390563691053027,1.5756905845023141,2882.5839945220214,2.814296365431093,37.67453688762278,-119.32267728885529,432027.00894332875
7.04680834917547,5.477200089966159,7.5484187660297035,1.3668980589716968,162.51725844983454,3.78355996654872,37.168430668917374,-120.43018194122243,397613.7700425008
9.146287167405209,9.76330247824058,8.851437169153112,1.088712848425108,143.65315745838768,2.4158986326537133,39.31660020336996,-118.49495859229782,504102.0895341615
6.855027387879813,27.42195240005758,6.221368541558725,1.645730497668347,870.7075783687482,3.7892203306058274,35.507108447682114,-116.93523512780597,433392.0251821203
5.533767815719527,11.913728613613992,7.851770628271537,1.3650144133594453,2099.5689988626887,3.965767600114659,39.929612954938094,-117.15277462778668,302677.24334326596
8.517221247542526,15.447504578121444,3.879674066017647,0.7708576393926272,137.78000993434992,5.163583876667312,34.16555594459669,-118.84480084085624,469406.62186027464
4.41093746714201,21.415954644822698,4.046885439253833,0.6843119344036936,999.9344600028799,2.2188853539044615,39.934897496231585,-119.35665126389614,216889.69386816653
2.640254223397238,42.405172324529374,1.0,1.4271926177815446,1189.1565341522196,1.8750069758799555,38.80619599987769,-120.02184404877741,155493.1377124251
4.06396794068358,1.706968931555866,7.890905495488829,1.2585467825869405,84.84614150237263,2.575931729114927,38.99047894070207,-115.3809005169562,275912.6931774779
2.866404374437944,34.11831983206774,8.634680357621761,1.1678991071882647,1478.0831197349858,1.8517364680440942,37.07475727270897,-120.69148195127354,168349.29177507779
